ID_Accident,Localisation,Meteo,Type_Route,Type_Vehicule,Gravite
1,"34.2503, -6.8078",Clear,Highway,Truck,4
2,"34.1326, -6.8284",Rain,Rural,Bike,3
3,"33.9718, -6.6771",Clear,Rural,Truck,2
4,"33.9692, -6.8754",,Highway,Truck,3
5,"34.0249, -6.5894",,Urban,Bike,3
6,"34.0582, -6.7304",Rain,Urban,Bike,2
7,"34.0549, -6.8942",Clear,Rural,Bike,2
8,"33.9847, -6.7096",Clear,Urban,Car,1
9,"34.0141, -6.7095",Clear,Rural,Car,1
10,"34.1180, -6.6988",Clear,Urban,Car,1
11,"33.9911, -6.6636",Clear,Highway,Bike,3
12,"34.0552, -6.9105",Rain,Rural,Bike,3
13,"33.9615, -6.8185",Rain,Urban,Truck,4
14,"33.9389, -6.8848",Rain,Urban,Bike,2
15,"34.1700, -6.9245",Clear,Highway,Car,3
16,"33.8004, -6.8019",Fog,Highway,Car,4
17,"33.9375, -6.8056",Clear,Urban,Truck,3
18,"34.0025, -6.8401",Clear,Rural,Car,1
19,"34.0163, -6.8766",Clear,Urban,Truck,2
20,"34.0500, -6.7373",Clear,Highway,Truck,4
21,"34.1882, -6.7077",Rain,Highway,Truck,4
22,"33.8710, -6.5928",Rain,Rural,Car,3
23,"34.0526, -6.7220",Rain,Highway,Truck,4
24,"33.9543, -6.7200",Clear,Highway,Bike,4
25,"34.0189, -7.0698",Clear,Rural,Car,1
26,"33.8607, -6.8537",Rain,Highway,Truck,4
27,"33.9974, -6.7393",Clear,Urban,Truck,2
28,"34.1161, -6.8670",Rain,Highway,Car,4
29,"34.0375, -6.6388",Rain,Highway,Bike,4
30,"0.0, 0.0",Rain,Rural,Truck,4
31,"33.9287, -6.8941",Clear,Urban,Car,1
32,"34.1118, -6.6868",Clear,Urban,Bike,1
33,"34.0571, -6.8459",Fog,Rural,Truck,3
34,"33.9294, -6.7687",Clear,Urban,Car,1
35,"33.9847, -6.7272",Clear,Rural,Truck,2
36,"33.8214, -6.7700",Clear,Rural,Bike,3
37,"33.8029, -6.7917",Rain,Urban,Car,2
38,"34.0395, -6.8281",Clear,Highway,Bike,4
39,"34.0101, -6.6352",Clear,Highway,Truck,4
40,"34.1369, -6.7675",Rain,Rural,Car,1
41,"33.9379, -6.8915",Rain,Highway,Car,4
42,"33.9512, -6.7066",Clear,Urban,Truck,2
43,"33.9761, -6.6522",Clear,Rural,Car,1
44,"33.9013, -6.8034",Clear,Highway,,2
45,"33.9927, -6.7908",Rain,Rural,Car,2
46,"33.9309, -6.7954",Clear,Highway,Bike,4
47,"33.9592, -7.0167",Clear,Rural,Car,1
48,"34.1343, -6.8236",Clear,Highway,Bike,3
49,"34.0646, -6.6828",Rain,Rural,Truck,4
50,"34.1476, -6.8479",Rain,Urban,Truck,3
51,"34.0985, -6.7838",Clear,Urban,Car,2
52,"34.0000, -6.5666",Rain,Rural,Bike,3
53,"34.2039, -6.7902",Rain,Highway,Bike,4
54,"33.9484, -6.9749",Clear,Highway,Car,2
55,"33.9562, -6.6846",Clear,Highway,Truck,4
56,"34.0242, -6.8166",Clear,Rural,Truck,2
57,"33.8327, -6.6445",Rain,Highway,Truck,4
58,"33.9321, -6.7166",Clear,Urban,Car,1
59,"34.1234, -6.6770",Rain,Urban,Bike,4
60,"33.9732, -6.8584",,Urban,Car,3
61,"34.0962, -6.8507",Rain,Urban,Truck,4
62,"0.0, 0.0",,Rural,Bike,2
63,"34.1502, -6.6269",Clear,Highway,Bike,4
64,"0.0, 0.0",Clear,Rural,Car,1
65,"33.9531, -6.8416",Clear,Rural,Bike,1
66,"33.9109, -6.5908",Clear,Rural,Truck,3
67,"33.9188, -6.6687",Rain,Urban,Bike,3
68,"34.1596, -6.7463",,Rural,Bike,2
69,"34.0128, -6.6885",Clear,Urban,Truck,2
70,"33.9519, -6.7224",Clear,Highway,Car,3
71,"34.1596, -6.8541",Rain,Rural,Truck,2
72,"34.0460, -6.8540",Clear,Rural,Truck,1
73,"34.0519, -6.7846",Clear,Rural,Car,1
74,"33.9148, -6.9717",Clear,Urban,Bike,2
75,"34.1855, -6.8488",Fog,Highway,Bike,4
76,"33.9619, -6.8186",Fog,Highway,Truck,4
77,"33.9969, -6.8107",Clear,Rural,Car,1
78,"34.1282, -6.8141",Clear,Highway,Car,3
79,"33.9081, -6.9115",Rain,Urban,Truck,3
80,"34.0322, -6.6155",Clear,Rural,Bike,2
81,"34.0175, -6.9181",Clear,Urban,Car,1
82,"34.0719, -6.7240",Rain,Highway,Bike,4
83,"33.8071, -6.7404",Clear,Rural,,1
84,"33.9861, -6.7417",Clear,Urban,Car,1
85,"34.1185, -6.8553",Fog,Rural,,3
86,"33.9000, -6.9045",,Urban,Car,2
87,"33.8516, -6.8442",Clear,Urban,Truck,2
88,"34.0090, -6.9580",Clear,Rural,Car,1
89,"33.9498, -6.7543",Rain,Rural,Truck,3
90,"33.9537, -6.9237",Clear,Rural,Truck,3
91,"0.0, 0.0",Rain,Highway,Bike,4
92,"34.0709, -6.9944",Clear,Urban,Car,1
93,"33.9124, -6.8456",Clear,Rural,Car,1
94,"33.9089, -6.8648",Clear,Rural,Car,2
95,"34.1112, -6.8268",Clear,Rural,Car,2
96,"34.0214, -6.7632",Fog,Rural,Car,2
97,"33.8396, -6.7037",Clear,Highway,Bike,3
98,"34.0159, -6.7514",Clear,Rural,Car,1
99,"33.9365, -6.7547",Rain,Rural,Truck,4
100,"34.0295, -6.8287",Clear,Highway,Truck,4
101,"33.9849, -6.7880",Rain,Rural,Truck,4
102,"33.9412, -6.7069",Clear,Highway,Car,2
103,"33.9242, -6.8246",Rain,Highway,,4
104,"34.2386, -6.7918",Rain,Urban,,2
105,"34.1218, -6.9177",Clear,Rural,Bike,2
106,"33.8711, -6.7216",Clear,Urban,Car,1
107,"34.1137, -6.7334",Clear,Highway,Car,2
108,"34.0103, -6.9071",Clear,Rural,Car,1
109,"33.8477, -6.7592",Fog,Highway,Car,4
110,"33.9675, -6.8451",Rain,Highway,Truck,4
111,"33.9757, -6.8754",Rain,Highway,Truck,4
112,"34.1374, -6.8685",Clear,Rural,Bike,1
113,"33.9954, -6.8959",Clear,Rural,Truck,4
114,"33.8430, -6.7803",Fog,Urban,,2
115,"34.1299, -6.8317",Fog,Rural,Bike,3
116,"34.0662, -6.7372",Rain,Urban,Truck,4
117,"33.8274, -6.8771",Clear,Urban,Truck,2
118,"33.9824, -6.7566",Clear,Urban,,2
119,"33.8378, -6.7622",,Urban,Bike,2
120,"33.9499, -6.6824",,Rural,Bike,2
121,"34.0293, -6.8900",Fog,Rural,Truck,4
122,"33.9692, -6.6497",Clear,Highway,Car,2
123,"33.9710, -6.8320",Clear,Highway,Bike,3
124,"33.9121, -6.7083",Rain,Highway,Bike,4
125,"34.0493, -6.6264",Clear,Highway,Bike,4
126,"34.0349, -6.8893",Clear,Rural,,1
127,"34.0583, -6.7035",Rain,Rural,Car,2
128,"33.8903, -6.8607",Clear,Highway,Truck,3
129,"33.9430, -6.8654",Rain,Urban,Bike,2
130,"33.8844, -6.8069",Clear,Urban,Car,2
131,"33.9578, -6.7494",Rain,Highway,Car,3
132,"33.9921, -6.7077",Clear,Highway,Truck,4
133,"33.8200, -6.9421",Fog,Highway,Bike,4
134,"33.9573, -6.7305",Rain,Highway,Truck,4
135,"34.0336, -6.9200",Clear,Rural,Truck,3
136,"34.1051, -6.8608",Clear,Rural,Bike,2
137,"33.8472, -6.8402",Clear,Rural,Car,1
138,"34.0590, -6.8899",Clear,Urban,Car,2
139,"34.0265, -6.8680",,Highway,Bike,2
140,"34.0438, -6.7250",Rain,Highway,Truck,4
141,"33.8985, -6.7377",Clear,Highway,Bike,4
142,"34.0880, -6.7219",Rain,Rural,Car,2
143,"33.8194, -6.7498",Rain,Highway,,4
144,"33.9808, -6.6830",Rain,Urban,Truck,4
145,"33.8674, -6.7368",Clear,Urban,Truck,4
146,"33.9825, -6.7700",Rain,Highway,Car,4
147,"34.0114, -6.8149",Clear,Urban,Car,1
148,"33.9275, -6.9313",Clear,Highway,Truck,4
149,"0.0, 0.0",Clear,Highway,Bike,4
150,"34.1947, -6.6744",Clear,Rural,Bike,2
151,"33.9972, -6.7328",,Urban,Bike,3
152,"33.8497, -6.7774",Rain,Highway,Bike,4
153,"34.0826, -6.8182",Clear,Rural,Truck,3
154,"33.8691, -6.7652",Rain,Rural,Car,2
155,"33.8207, -6.9366",Clear,Rural,Car,1
156,"33.8729, -6.8453",Clear,Urban,Truck,3
157,"34.0622, -6.7306",Rain,Rural,Bike,4
158,"34.1121, -7.1735",Clear,Rural,Truck,3
159,"33.8636, -6.8680",Clear,Highway,Bike,4
160,"33.9788, -6.7887",,Highway,Truck,4
161,"33.9429, -6.5243",Clear,Highway,Truck,4
162,"34.0206, -6.7848",Clear,Highway,Truck,4
163,"34.1465, -6.7246",Clear,Highway,Bike,4
164,"34.0594, -6.8431",Clear,Urban,Bike,2
165,"33.9719, -6.9147",Fog,Highway,Car,4
166,"34.2884, -6.9086",Clear,Urban,Car,1
167,"33.9578, -6.8677",Clear,Highway,Bike,4
168,"34.1652, -6.8368",Clear,Highway,Car,3
169,"34.0572, -6.7371",,Highway,Truck,4
170,"33.8794, -6.8666",Clear,Urban,Car,1
171,"34.0430, -6.9482",Rain,Rural,Truck,4
172,"34.0903, -6.5967",Clear,Highway,Car,1
173,"33.8988, -6.9441",Clear,Rural,Bike,2
174,"33.9938, -6.8636",Clear,Rural,Truck,2
175,"34.0703, -6.8391",Rain,Urban,Truck,3
176,"34.1012, -6.8481",Rain,Urban,Truck,2
177,"34.1185, -6.8410",,Highway,Truck,4
178,"34.1123, -6.8903",Fog,Rural,Truck,3
179,"34.0023, -6.7045",Rain,Urban,Truck,4
180,"33.9296, -6.6945",Rain,Rural,Car,2
181,"33.8325, -6.6568",Clear,Urban,Bike,2
182,"34.0139, -6.9254",Clear,Highway,Bike,3
183,"34.0390, -6.9495",Clear,Rural,Bike,2
184,"33.8537, -6.6922",Clear,Highway,Truck,3
185,"34.0054, -6.8312",Clear,Urban,Bike,3
186,"34.1150, -6.7136",Rain,Urban,Car,2
187,"34.0765, -6.9573",,Urban,Car,2
188,"33.9775, -6.6429",,Urban,Truck,4
189,"33.9316, -6.7601",Clear,Highway,Car,2
190,"33.9822, -6.7856",Rain,Rural,Bike,3
191,"34.0110, -6.7634",Rain,Urban,Truck,3
192,"33.8020, -6.8200",Clear,Highway,Car,3
193,"34.1286, -6.8960",Rain,Rural,Bike,2
194,"34.0503, -6.7153",Rain,Rural,Bike,2
195,"33.9090, -6.6302",Rain,Rural,Truck,4
196,"34.0138, -6.7599",Clear,Highway,Car,2
197,"33.7851, -6.8517",Rain,Urban,Bike,2
198,"34.0005, -6.7895",Rain,Highway,,4
199,"34.0231, -6.8876",Clear,Highway,Truck,4
200,"33.8617, -6.7358",,Rural,Bike,1
201,"33.8897, -6.7476",Fog,Urban,Car,2
202,"33.9467, -7.0172",Clear,Rural,Car,2
203,"34.1080, -6.7653",Clear,Urban,Truck,3
204,"0.0, 0.0",Clear,Urban,Bike,2
205,"34.0172, -6.8025",Clear,Highway,Bike,3
206,"34.0448, -6.7958",Rain,Rural,Car,2
207,"34.0128, -6.8257",Clear,Highway,Car,2
208,"0.0, 0.0",Clear,Highway,,4
209,"33.9457, -6.6874",Rain,Highway,Bike,4
210,"34.0014, -6.8101",,Rural,Truck,4
211,"33.8827, -6.8969",Rain,Urban,Truck,4
212,"34.0379, -6.7395",Fog,Rural,Truck,3
213,"34.0248, -6.8695",Fog,Rural,,4
214,"33.8807, -6.8444",Rain,Urban,Bike,3
215,"33.9235, -6.8413",Clear,Highway,Truck,3
216,"33.9765, -6.7600",Clear,Urban,Car,1
217,"33.9277, -6.6911",Clear,Highway,Bike,3
218,"33.9519, -6.7117",Clear,Highway,Bike,3
219,"34.1284, -6.7869",Fog,Rural,Car,1
220,"34.1270, -6.7957",Rain,Highway,Car,4
221,"33.7523, -6.7492",Clear,Urban,Car,1
222,"33.8964, -6.7473",Clear,Highway,Car,4
223,"33.9823, -6.8197",Clear,Highway,Truck,4
224,"34.0834, -6.7447",Fog,Rural,Car,2
225,"33.9388, -6.8246",Rain,Rural,Truck,4
226,"33.9773, -6.8160",Clear,Highway,Car,3
227,"33.7926, -6.7319",,Urban,Bike,3
228,"34.0326, -6.9766",Clear,Highway,Bike,3
229,"34.0016, -6.8044",Clear,Highway,Bike,3
230,"34.0098, -6.7336",Clear,Rural,Bike,2
231,"34.1228, -6.8127",Rain,Rural,Bike,2
232,"34.1551, -6.9043",Clear,Rural,Car,1
233,"34.0055, -6.7277",Rain,Urban,Truck,4
234,"33.9938, -6.8010",Clear,Urban,Truck,2
235,"34.0451, -6.8490",Rain,Urban,Bike,3
236,"33.9938, -6.6811",Clear,Urban,Bike,2
237,"33.9353, -6.7703",Rain,Urban,Bike,3
238,"33.9312, -6.5990",Clear,Urban,Car,1
239,"34.0827, -6.6994",Clear,Rural,,2
240,"33.9260, -6.6052",Clear,Urban,Car,1
241,"33.9512, -6.7682",Clear,Urban,Truck,2
242,"34.1126, -6.8661",Clear,Highway,Truck,4
243,"33.9621, -6.7659",Rain,Rural,Bike,4
244,"34.0282, -6.8161",Rain,Urban,Car,3
245,"34.0392, -6.7582",Rain,Highway,Car,3
246,"33.9344, -6.6736",Clear,Rural,Car,1
247,"34.0056, -6.8316",Clear,Highway,Truck,3
248,"33.9400, -6.8235",Rain,Urban,Car,1
249,"34.1316, -7.0035",Fog,Rural,Truck,4
250,"34.1215, -6.7005",Fog,Urban,Bike,3
251,"33.9261, -6.8401",Clear,Urban,Bike,1
252,"34.1367, -6.9576",Rain,Highway,Bike,4
253,"33.9425, -6.8838",Rain,Urban,Car,2
254,"34.1026, -6.8417",Clear,Rural,Car,1
255,"33.9994, -6.9373",Clear,Urban,Truck,2
256,"33.9608, -6.6681",Clear,Rural,Truck,3
257,"33.7960, -6.8055",Clear,Urban,Bike,3
258,"34.1145, -6.6872",Clear,Urban,Car,1
259,"33.9082, -6.8215",Clear,Rural,,1
260,"33.9541, -6.8040",Rain,Rural,Bike,3
261,"34.1092, -6.7719",Clear,Rural,Bike,2
262,"34.0409, -6.6350",Clear,Urban,Truck,3
263,"34.1174, -6.7378",Clear,Urban,Car,1
264,"33.8214, -6.9812",Rain,Highway,Bike,4
265,"34.1075, -6.8253",Clear,Urban,Truck,2
266,"34.0173, -6.7525",Clear,Highway,Car,2
267,"33.9758, -6.8972",Rain,Urban,Bike,3
268,"34.0304, -6.8243",Clear,Highway,Car,2
269,"34.0350, -6.7572",Rain,Urban,Car,2
270,"34.1417, -6.8342",Clear,Urban,Bike,1
271,"33.9832, -6.8044",,Urban,Truck,3
272,"33.9722, -6.7477",Clear,Highway,Car,3
273,"34.0060, -6.9056",Rain,Rural,Car,3
274,"34.0646, -6.7711",Clear,Highway,Truck,3
275,"34.2660, -6.7762",Clear,Rural,Car,1
276,"33.9452, -6.7612",Rain,Highway,,4
277,"33.9234, -6.9741",Rain,Urban,Car,2
278,"34.0527, -6.7905",Clear,Urban,Car,1
279,"34.1040, -6.9662",Clear,Rural,Car,1
280,"34.0444, -6.7995",,Urban,Bike,3
281,"34.1867, -6.8757",,Highway,Truck,4
282,"34.1393, -6.8166",Fog,Highway,Truck,4
283,"34.0140, -6.7987",Fog,Highway,Bike,4
284,"34.0119, -6.7356",Clear,Urban,Car,2
285,"34.0398, -6.7638",Clear,Highway,Bike,3
286,"33.8981, -7.0008",Clear,Urban,Truck,2
287,"33.9311, -7.0659",Clear,Urban,Bike,2
288,"33.8979, -6.6794",Clear,Rural,,1
289,"33.9503, -6.7035",Clear,Rural,Truck,2
290,"33.9883, -6.6635",Clear,Highway,Truck,4
291,"33.9860, -6.9472",Fog,Rural,Truck,3
292,"34.2065, -6.9485",Clear,Highway,,4
293,"33.8986, -6.8206",Clear,Urban,Bike,2
294,"33.9772, -6.6143",Clear,Highway,Bike,4
295,"33.9134, -6.8089",Fog,Urban,Car,1
296,"33.9451, -6.7477",Clear,Highway,Bike,3
297,"33.9877, -6.6043",Rain,Highway,Truck,4
298,"33.9594, -6.7858",Clear,Highway,Bike,4
299,"33.9628, -6.7741",Rain,Highway,Truck,4
300,"33.7431, -6.6932",Clear,Highway,Bike,4
301,"33.9122, -6.9553",Rain,Rural,Car,2
302,"34.0788, -6.8651",,Rural,Truck,3
303,"33.9497, -6.7552",Clear,Highway,Truck,4
304,"33.8749, -6.8070",Rain,Urban,Car,2
305,"34.0516, -6.6025",Clear,Highway,Bike,4
306,"33.9412, -6.8781",Clear,Urban,Bike,3
307,"33.9028, -6.7948",Clear,Rural,Truck,2
308,"33.8266, -6.7542",Clear,Urban,Car,1
309,"34.2337, -6.9083",Clear,Urban,Car,1
310,"34.0140, -6.7772",Clear,Rural,,2
311,"34.0084, -6.7965",Clear,Rural,Car,1
312,"33.9536, -6.8910",Clear,Rural,Truck,2
313,"34.1451, -6.9241",,Urban,Bike,2
314,"34.1034, -6.8617",Clear,Highway,Bike,4
315,"33.9404, -6.8345",Fog,Highway,Car,4
316,"33.9244, -6.7529",Rain,Rural,Truck,3
317,"33.9802, -6.7842",Rain,Urban,Bike,3
318,"34.0760, -6.7568",Rain,Rural,Truck,4
319,"34.0967, -6.8124",Fog,Urban,Car,2
320,"34.1185, -6.8689",Clear,Highway,Bike,4
321,"34.0821, -6.7301",Clear,Urban,Car,1
322,"33.9194, -6.9227",Clear,Urban,Bike,2
323,"34.0372, -6.8888",Rain,Highway,Bike,4
324,"34.0992, -6.9398",Rain,Highway,,4
325,"33.9718, -6.8711",Clear,Urban,Car,1
326,"34.0181, -6.8351",Rain,Highway,Car,4
327,"33.9644, -6.6053",Clear,Rural,Car,2
328,"34.0613, -6.6732",Rain,Rural,Car,2
329,"34.0036, -6.9670",Rain,Highway,Truck,4
330,"34.0388, -6.8280",Fog,Rural,Car,2
331,"34.0589, -6.9641",Rain,Rural,Bike,3
332,"34.0800, -6.7079",Clear,Highway,Car,2
333,"34.0172, -6.6142",Clear,Highway,Bike,3
334,"34.0700, -6.7946",Rain,Highway,Truck,4
335,"34.0694, -6.7847",Rain,Urban,Truck,4
336,"34.2147, -6.8707",Fog,Urban,Bike,3
337,"34.0056, -6.6647",Clear,Rural,Truck,2
338,"33.9269, -6.8034",Rain,Highway,,4
339,"34.0065, -6.9097",Clear,Highway,Car,2
340,"33.9962, -6.7059",Rain,Rural,Car,2
341,"33.8977, -6.7925",Clear,Rural,Bike,1
342,"33.9482, -6.8237",Clear,Rural,Truck,3
343,"34.0667, -6.6271",Rain,Rural,Bike,3
344,"34.1033, -6.7396",Clear,Urban,,3
345,"34.0180, -6.7493",Clear,Highway,Bike,3
346,"33.9964, -6.5336",Clear,Highway,Bike,3
347,"33.9494, -6.7725",,Highway,,4
348,"33.9962, -6.8642",Clear,Highway,Bike,3
349,"34.0144, -6.8283",Rain,Rural,Car,2
350,"34.2127, -6.8694",Fog,Rural,Truck,3
351,"34.0662, -6.8086",Clear,Urban,Bike,2
352,"33.8778, -6.8696",Clear,Urban,Truck,2
353,"33.8601, -6.8584",Clear,Urban,Car,1
354,"34.1217, -6.4632",Clear,Urban,Bike,2
355,"34.0304, -6.7022",Clear,Rural,Truck,2
356,"0.0, 0.0",Fog,Urban,Bike,3
357,"34.1843, -6.8483",Rain,Rural,Car,1
358,"33.8037, -6.7459",Fog,Highway,Truck,4
359,"33.9405, -6.8426",Clear,Rural,Truck,2
360,"34.1277, -6.6947",Rain,Rural,Bike,3
361,"34.0606, -6.7397",Clear,Rural,Truck,2
362,"33.9828, -6.5905",Fog,Highway,Bike,4
363,"33.9160, -6.8442",Clear,Highway,Bike,4
364,"34.1294, -6.7334",Fog,Rural,Truck,4
365,"34.0941, -6.7265",Rain,Rural,Truck,3
366,"34.1504, -6.8821",Clear,Highway,Bike,4
367,"33.8721, -6.8137",Clear,Rural,Bike,2
368,"33.9374, -6.6550",Clear,Highway,Truck,4
369,"33.9867, -6.7271",Clear,Highway,Bike,3
370,"34.0017, -6.7520",Rain,Rural,Bike,3
371,"34.0184, -6.8223",Clear,Urban,Car,1
372,"33.9696, -6.7878",Clear,Highway,Bike,3
373,"34.1860, -6.9015",Clear,Urban,Truck,2
374,"33.8962, -6.7239",Clear,Urban,Car,1
375,"34.0656, -6.8834",Rain,Highway,Car,4
376,"33.8553, -6.9635",Clear,Urban,Bike,1
377,"34.1003, -6.7022",Clear,Rural,Bike,1
378,"34.1391, -6.7574",Clear,Urban,Car,1
379,"33.8780, -6.8738",Rain,Rural,Bike,1
380,"34.0057, -6.7561",Clear,Urban,Car,2
381,"34.0240, -6.9401",Rain,Urban,Bike,3
382,"34.0895, -6.7183",Rain,Rural,Bike,3
383,"34.1150, -6.8224",Clear,Urban,Truck,2
384,"34.0621, -6.8977",Rain,Highway,Car,3
385,"34.0146, -6.8022",Clear,Urban,Bike,2
386,"33.9504, -6.9373",,Urban,Car,2
387,"33.9488, -6.7250",,Highway,Bike,4
388,"33.9775, -6.7692",Clear,Rural,Truck,2
389,"33.8826, -6.9541",Clear,Urban,Car,1
390,"34.1817, -6.7852",Clear,Rural,Bike,3
391,"33.8619, -6.8219",Clear,Rural,Truck,3
392,"33.8908, -6.6824",Clear,Urban,Truck,2
393,"33.8638, -6.6687",,Rural,Car,2
394,"33.9702, -6.7941",Clear,Rural,Bike,2
395,"34.0807, -6.6260",Rain,Urban,Truck,3
396,"34.0261, -6.8166",Clear,Urban,Car,2
397,"34.0493, -6.8756",Rain,Urban,Truck,4
398,"34.0450, -6.8772",Rain,Urban,Car,1
399,"33.9730, -6.8911",Clear,Rural,Bike,3
400,"33.8576, -6.8536",Clear,Rural,Bike,2
401,"33.9903, -6.9680",Clear,Urban,Bike,2
402,"34.0886, -6.7130",Clear,Highway,Truck,4
403,"33.7682, -6.6508",Rain,Highway,Bike,4
404,"33.9751, -6.7397",Clear,Urban,Car,1
405,"33.7929, -6.8420",Clear,Rural,Bike,2
406,"34.0782, -6.9047",,Highway,,4
407,"33.8739, -6.8872",Clear,Rural,Bike,3
408,"34.0310, -6.8830",,Rural,Bike,2
409,"33.8759, -6.7468",Clear,Rural,,1
410,"33.8415, -6.7031",Rain,Rural,Truck,3
411,"33.9352, -6.6238",Clear,Rural,Truck,2
412,"34.0534, -6.8134",Clear,Highway,Truck,4
413,"34.0652, -6.7886",Clear,Urban,Truck,2
414,"33.9484, -6.6830",Rain,Highway,Car,4
415,"33.9683, -6.5895",Rain,Highway,Truck,4
416,"33.9857, -6.8079",Clear,Urban,Truck,3
417,"33.8469, -6.7802",Clear,Rural,Car,2
418,"33.9533, -6.9014",,Urban,Car,1
419,"34.2150, -7.0907",Rain,Highway,,4
420,"33.8643, -6.6566",Clear,Rural,,2
421,"33.9978, -6.8526",,Highway,Truck,4
422,"33.9922, -6.8048",Fog,Urban,Bike,3
423,"33.8960, -6.7155",Rain,Highway,Truck,4
424,"33.8771, -6.8379",Rain,Urban,Car,1
425,"33.9749, -6.7255",Clear,Highway,Truck,4
426,"33.9314, -6.8719",,Rural,Bike,4
427,"34.0130, -6.9231",Rain,Highway,Truck,4
428,"34.0776, -6.9559",Rain,Highway,Car,4
429,"34.0908, -6.7207",Clear,Urban,Bike,1
430,"33.9300, -6.9166",Clear,Highway,Bike,3
431,"33.9597, -6.8356",Clear,Highway,Car,3
432,"33.9499, -6.9114",Clear,Highway,Truck,4
433,"33.9901, -6.8597",Clear,Urban,Truck,2
434,"34.1555, -6.8295",Clear,Urban,Truck,3
435,"34.0545, -6.8348",Clear,Urban,Truck,2
436,"34.1184, -6.7536",Clear,Rural,Truck,2
437,"34.0123, -7.0500",Clear,Highway,Car,3
438,"34.1806, -6.7940",Clear,Highway,Bike,3
439,"34.0753, -6.8807",Fog,Urban,Bike,3
440,"33.9187, -6.6196",Clear,Urban,Truck,3
441,"34.0210, -6.7935",Rain,Rural,Truck,4
442,"34.0715, -6.7699",Clear,Urban,Truck,3
443,"34.0387, -6.7123",Rain,Urban,Bike,3
444,"33.9376, -6.8206",Clear,Urban,Truck,3
445,"34.0139, -6.7215",Clear,Rural,Bike,2
446,"33.8784, -6.6641",Fog,Rural,Truck,4
447,"33.8543, -6.8028",Rain,Highway,Truck,4
448,"34.0005, -6.7799",Rain,Rural,Bike,3
449,"33.8001, -6.6704",Fog,Rural,Truck,4
450,"34.0033, -6.9849",Clear,Urban,Bike,2
451,"34.2289, -6.9102",Clear,Rural,,2
452,"33.9778, -6.7248",Clear,Highway,Truck,3
453,"33.9801, -6.8281",Clear,Urban,Bike,2
454,"33.8799, -6.8604",Clear,Urban,Truck,3
455,"33.8912, -6.8305",,Highway,Bike,3
456,"33.9340, -6.6922",Fog,Rural,,3
457,"34.0799, -6.9016",Rain,Rural,Truck,4
458,"33.8466, -6.8722",Fog,Urban,Car,2
459,"33.9483, -6.9680",Clear,Rural,Car,1
460,"33.9652, -6.7753",Clear,Rural,Car,2
461,"33.9508, -6.7084",Clear,Urban,Bike,2
462,"34.0047, -6.6546",Fog,Rural,Bike,3
463,"33.9388, -6.8822",Rain,Highway,Truck,4
464,"33.9657, -6.7373",Clear,Highway,Bike,4
465,"33.7976, -6.9927",Clear,Highway,,4
466,"34.0507, -6.8114",Rain,Rural,Car,3
467,"34.1354, -6.7898",Clear,Rural,Bike,1
468,"33.9827, -6.7766",Rain,Rural,Truck,4
469,"34.1141, -6.6889",Clear,Highway,Car,3
470,"34.1783, -6.8507",Clear,Highway,,4
471,"33.9754, -6.7910",Clear,Highway,Truck,4
472,"33.8440, -6.8614",Fog,Highway,Truck,4
473,"33.9318, -6.8560",Rain,Highway,,4
474,"33.9736, -6.7950",Clear,Rural,Car,1
475,"33.8929, -6.8431",Clear,Urban,Bike,2
476,"33.8165, -6.6018",Clear,Rural,Truck,2
477,"33.8211, -6.8176",Clear,Highway,Bike,3
478,"33.9958, -6.7784",Clear,Rural,Car,1
479,"34.0255, -6.9588",Clear,Urban,Bike,2
480,"33.8978, -7.0783",Rain,Rural,Bike,3
481,"33.8313, -6.8329",Rain,Urban,Bike,3
482,"33.9420, -6.8381",Rain,Urban,Bike,4
483,"34.0186, -6.7292",Clear,Urban,Truck,2
484,"33.9414, -6.6880",Rain,Urban,Car,2
485,"34.0144, -6.7038",Clear,Highway,Bike,4
486,"33.9124, -6.9039",Clear,Urban,Car,1
487,"34.0577, -6.7943",Clear,Rural,Truck,3
488,"33.8996, -6.7250",Clear,Rural,Truck,2
489,"33.9858, -6.7822",Clear,Rural,Truck,1
490,"33.9418, -6.8404",Clear,Rural,Truck,2
491,"33.9388, -6.8434",Clear,Highway,Car,2
492,"34.1557, -6.8603",Rain,Highway,Car,4
493,"33.8956, -6.8250",Rain,Rural,Bike,2
494,"33.9021, -6.9584",Clear,Urban,Car,2
495,"33.8940, -6.8150",Clear,Rural,Truck,1
496,"33.9188, -6.7991",Clear,Urban,Truck,3
497,"33.9842, -6.8287",Clear,Rural,Truck,3
498,"33.9714, -6.7731",Fog,Highway,Car,4
499,"34.1024, -6.8277",Clear,Highway,Bike,4
500,"33.8180, -6.9495",Clear,Rural,Truck,2
501,"33.9325, -6.6949",Rain,Rural,Bike,3
502,"33.9963, -6.7739",Clear,Highway,Truck,4
503,"33.9620, -6.6852",Clear,Urban,,2
504,"34.1029, -6.8923",Clear,Rural,Car,1
505,"33.9620, -6.5746",Clear,Rural,Bike,2
506,"34.0782, -6.6942",Fog,Urban,Bike,3
507,"34.1960, -6.7795",Clear,Rural,Truck,3
508,"34.1345, -6.8905",Clear,Urban,Car,1
509,"33.9021, -6.9017",Clear,Rural,,3
510,"33.9972, -6.9063",Clear,Urban,Truck,2
511,"34.1376, -6.8266",Clear,Rural,Car,1
512,"33.9678, -6.7426",Clear,Urban,Car,1
513,"34.0867, -6.8360",Clear,Urban,Truck,2
514,"33.9290, -6.6523",Clear,Highway,Truck,4
515,"33.8614, -6.8679",,Urban,Bike,3
516,"34.0512, -6.8416",Clear,Highway,Car,1
517,"34.1503, -6.7118",Rain,Highway,Car,3
518,"34.0103, -6.7414",Rain,Highway,Car,4
519,"33.9819, -6.7223",Clear,Rural,Car,1
520,"33.9168, -6.7931",Clear,Rural,Truck,2
521,"34.0270, -6.5425",Rain,Rural,Car,3
522,"34.0077, -6.9987",Clear,Urban,Bike,2
523,"33.8777, -6.9381",,Urban,Truck,2
524,"33.9528, -6.8417",Clear,Rural,Car,2
525,"34.0236, -6.7260",Clear,Highway,Car,3
526,"33.9091, -6.7823",Rain,Urban,Car,2
527,"34.0366, -6.7919",Rain,Urban,Truck,4
528,"34.0396, -6.7218",Clear,Urban,Bike,3
529,"33.9528, -6.7108",Clear,Highway,Car,3
530,"34.0313, -6.6752",Rain,Rural,Truck,4
531,"33.9094, -6.6000",Fog,Rural,,3
532,"33.9904, -6.7526",Clear,Urban,Car,2
533,"34.0637, -6.8267",Rain,Highway,Bike,4
534,"33.8487, -6.7367",Clear,Urban,Truck,2
535,"34.0843, -6.7426",Rain,Rural,Bike,3
536,"33.9414, -6.7706",Clear,Urban,Bike,2
537,"33.9768, -6.8843",Rain,Urban,Car,1
538,"34.0131, -6.7869",Fog,Urban,Bike,4
539,"34.2456, -6.8066",Rain,Urban,Truck,4
540,"33.7824, -7.0566",Clear,Rural,Truck,3
541,"34.0475, -6.7213",Clear,Rural,Truck,2
542,"33.9690, -6.7994",Clear,Highway,Car,2
543,"34.0537, -6.9114",Rain,Rural,Bike,3
544,"33.9993, -6.9690",Clear,Urban,Car,1
545,"34.1334, -6.6049",Clear,Urban,Truck,3
546,"34.1326, -6.6753",Clear,Urban,Bike,1
547,"34.0154, -7.0166",Clear,Highway,Car,3
548,"34.0059, -6.6187",Rain,Rural,Truck,4
549,"33.9596, -6.8329",Clear,Highway,Truck,4
550,"34.0955, -6.9165",Fog,Urban,Car,3
551,"34.0207, -6.9784",Rain,Rural,Truck,3
552,"34.0217, -6.5291",Clear,Urban,Car,1
553,"34.1042, -6.8261",Clear,Rural,Truck,2
554,"33.9083, -6.8470",Clear,Rural,Truck,3
555,"34.0885, -6.8789",Clear,Highway,,4
556,"33.9484, -6.8413",Rain,Highway,Car,4
557,"34.2306, -6.7030",Clear,Urban,Car,1
558,"33.8914, -6.6828",Clear,Highway,Bike,3
559,"34.0051, -6.6125",Clear,Rural,Bike,2
560,"34.0894, -6.7533",Clear,Urban,Truck,2
561,"34.0235, -6.8395",Fog,Highway,Car,3
562,"34.0091, -6.8009",Clear,Highway,Car,3
563,"33.9693, -6.7463",Clear,Rural,Truck,3
564,"33.9335, -6.9394",Fog,Highway,Car,3
565,"34.0677, -6.8483",Rain,Urban,Car,2
566,"33.9702, -6.6890",Fog,Urban,Bike,3
567,"33.9691, -6.8306",Rain,Highway,Bike,4
568,"34.0716, -6.8456",Clear,Urban,Car,2
569,"34.1023, -6.8758",Clear,Highway,Car,1
570,"34.0094, -6.9265",Clear,Highway,Car,3
571,"33.9927, -6.7552",Rain,Urban,Truck,4
572,"33.8474, -6.6110",Rain,Urban,Truck,3
573,"34.1148, -6.7499",Fog,Rural,,1
574,"34.0694, -6.6413",Fog,Highway,Truck,4
575,"33.8124, -6.6250",Rain,Highway,Bike,4
576,"33.9883, -6.9008",Clear,Urban,Bike,1
577,"33.8559, -6.7372",Fog,Rural,Truck,4
578,"34.0127, -6.8588",Rain,Highway,Bike,4
579,"34.0873, -6.8944",,Urban,Car,1
580,"34.1051, -6.8316",Clear,Rural,Bike,1
581,"34.1125, -6.8363",,Highway,Bike,3
582,"34.0469, -6.9044",,Highway,Bike,4
583,"33.9596, -6.8865",Clear,Urban,Bike,2
584,"34.0472, -6.7810",Rain,Urban,Bike,3
585,"33.9966, -6.8024",Fog,Rural,Car,2
586,"34.1745, -6.6847",Clear,Rural,Bike,2
587,"34.0164, -6.6429",Clear,Highway,Truck,4
588,"34.0340, -6.6766",Clear,Highway,Bike,4
589,"33.8661, -6.5569",,Highway,Bike,4
590,"34.1147, -6.8395",Rain,Highway,Bike,4
591,"33.9437, -6.9297",Clear,Urban,Truck,2
592,"0.0, 0.0",Clear,Urban,Truck,3
593,"33.9729, -6.8112",Rain,Highway,Car,4
594,"33.8396, -6.7528",Clear,Highway,Car,2
595,"34.1728, -6.7954",Rain,Urban,Car,1
596,"33.9496, -6.9918",Clear,Rural,Bike,2
597,"33.9233, -6.6851",Clear,Rural,Bike,3
598,"34.0750, -6.9298",Clear,Rural,Truck,3
599,"34.2623, -7.0386",Rain,Urban,Bike,3
600,"33.9048, -6.5736",Clear,Highway,Truck,4
601,"33.8925, -6.9201",Clear,Rural,Bike,2
602,"34.1186, -6.8977",Rain,Rural,Truck,3
603,"33.8452, -6.6736",Clear,Rural,Car,1
604,"33.9635, -6.8125",Rain,Urban,Truck,3
605,"34.0187, -6.7371",Rain,Highway,Bike,4
606,"34.0747, -6.8287",,Rural,Car,3
607,"33.9209, -6.9726",Rain,Highway,Car,3
608,"33.9686, -6.7301",Rain,Highway,Car,4
609,"33.9109, -6.9188",Rain,Urban,Car,3
610,"33.8266, -6.7397",Clear,Urban,Bike,2
611,"34.0210, -6.8101",Clear,Urban,Bike,2
612,"33.8953, -6.9417",Clear,Highway,Truck,4
613,"0.0, 0.0",Rain,Rural,Car,2
614,"33.9147, -6.9063",Clear,Highway,Bike,3
615,"34.0329, -6.9008",Clear,Urban,Truck,2
616,"33.9780, -6.7607",Rain,Urban,Car,2
617,"33.9560, -6.7740",Rain,Urban,Car,1
618,"33.9344, -6.7997",Rain,Highway,Truck,4
619,"34.0628, -6.8355",Clear,Urban,Truck,4
620,"33.9446, -6.8199",Clear,Urban,Bike,1
621,"33.9964, -6.9294",Clear,Highway,Car,3
622,"33.9944, -6.6358",Rain,Rural,Car,3
623,"33.9334, -6.8591",Clear,Urban,Bike,2
624,"33.8206, -6.8545",Clear,Highway,,3
625,"33.9936, -6.7699",Clear,Urban,Truck,3
626,"34.0776, -6.8340",,Rural,Truck,4
627,"34.0010, -6.9258",Clear,Highway,Car,3
628,"34.1570, -6.8038",Clear,Rural,Truck,2
629,"34.1782, -6.8926",Rain,Rural,Truck,4
630,"34.1548, -6.6938",Clear,Urban,Car,2
631,"33.9712, -6.8145",Clear,Highway,Car,2
632,"34.1197, -6.6958",Rain,Urban,Bike,3
633,"33.9600, -6.6850",Rain,Urban,Truck,4
634,"34.0635, -6.9133",Clear,Highway,Bike,4
635,"34.1039, -6.9343",Rain,Urban,Bike,4
636,"33.9220, -6.7355",Clear,Highway,Truck,4
637,"34.1490, -6.6925",Rain,Urban,Car,2
638,"33.9025, -6.8851",Clear,Highway,Car,3
639,"34.0350, -6.9646",Fog,Urban,Car,2
640,"34.1090, -6.8669",Rain,Urban,Bike,3
641,"33.8238, -6.8347",Clear,Highway,Car,3
642,"34.0106, -6.8406",Clear,Rural,Truck,3
643,"33.9971, -6.8025",Clear,Rural,Truck,2
644,"34.0530, -6.7304",Clear,Urban,Bike,2
645,"34.0685, -6.8063",Clear,Highway,Truck,4
646,"33.8479, -6.7178",Clear,Rural,Car,1
647,"33.9553, -6.6266",Rain,Highway,Bike,4
648,"33.9580, -6.6694",Rain,Rural,Truck,3
649,"34.1349, -6.6923",Fog,Urban,Car,3
650,"33.9782, -6.9495",Fog,Rural,Car,3
651,"33.9663, -6.7931",Clear,Rural,Car,2
652,"34.1869, -6.8794",Rain,Highway,Car,4
653,"34.0789, -6.7392",Clear,Urban,Truck,3
654,"33.9926, -6.9867",Rain,Rural,Car,2
655,"33.8072, -6.7731",Clear,Rural,Bike,2
656,"33.8897, -6.7582",Rain,Rural,Truck,4
657,"33.8137, -6.9042",Rain,Urban,Bike,3
658,"33.9432, -6.8030",Rain,Urban,Truck,3
659,"34.0162, -6.7118",Clear,Highway,Truck,4
660,"33.9554, -6.8943",Clear,Rural,,2
661,"33.8196, -6.7966",Clear,Highway,,3
662,"33.9778, -6.7722",Rain,Highway,Bike,4
663,"33.9914, -6.7381",Rain,Urban,Car,2
664,"33.9853, -6.8889",Rain,Urban,Bike,3
665,"34.0519, -6.7955",Clear,Highway,Truck,4
666,"33.9964, -6.7660",Clear,Rural,Bike,2
667,"34.0916, -6.8100",Clear,Urban,Bike,1
668,"33.9658, -6.8744",Clear,Highway,Car,2
669,"34.0282, -6.7814",Clear,Highway,Bike,4
670,"33.8240, -6.9178",Rain,Urban,Truck,4
671,"33.9648, -6.8845",,Urban,Car,2
672,"33.9377, -6.8432",Clear,Highway,Bike,4
673,"34.1337, -6.6688",Clear,Rural,Bike,2
674,"34.1015, -6.9111",Clear,Urban,Bike,2
675,"33.9858, -6.7832",Rain,Urban,Bike,2
676,"34.0519, -6.8198",Clear,Urban,Car,1
677,"33.8573, -6.8594",Clear,Rural,Car,2
678,"33.8568, -6.7757",Clear,Highway,Car,2
679,"33.9988, -6.7299",Clear,Highway,Truck,4
680,"33.9237, -6.7719",,Highway,Truck,4
681,"33.7642, -6.7839",Clear,Highway,Truck,4
682,"34.1009, -6.7819",Clear,Rural,Truck,3
683,"34.0690, -6.8254",Fog,Rural,Bike,3
684,"33.8821, -6.8456",Clear,Urban,Bike,3
685,"34.1439, -6.9387",,Highway,Car,2
686,"34.0332, -6.7049",Clear,Urban,Truck,2
687,"34.1149, -6.7935",Clear,Rural,Truck,2
688,"33.9814, -6.7926",Rain,Highway,Car,3
689,"34.1726, -6.6868",Clear,Urban,Bike,2
690,"34.1518, -6.7907",Clear,Highway,Truck,4
691,"34.0940, -6.7369",Clear,Rural,Truck,2
692,"34.1604, -6.5687",Fog,Rural,Car,2
693,"34.1095, -6.9784",Clear,Urban,Truck,2
694,"34.0097, -6.8235",Clear,Highway,Bike,4
695,"34.0850, -6.6680",Clear,Urban,Car,1
696,"34.0443, -6.7091",Clear,Rural,Truck,3
697,"34.1770, -6.6940",Fog,Urban,,3
698,"33.9916, -6.7260",Fog,Highway,Car,4
699,"34.1605, -6.8148",Clear,Urban,Car,1
700,"33.9823, -6.8617",Clear,Urban,Truck,2
701,"34.1435, -6.7743",Clear,Rural,Truck,2
702,"34.1356, -6.8011",Rain,Highway,Truck,4
703,"33.9672, -6.6979",Rain,Urban,Bike,3
704,"33.9126, -6.7457",Rain,Urban,Bike,3
705,"34.0044, -6.7260",Clear,Highway,Truck,4
706,"34.0136, -6.7443",Clear,Rural,Car,1
707,"34.0537, -6.5191",Clear,Highway,,4
708,"34.0800, -6.8968",Fog,Rural,Bike,3
709,"34.2378, -6.7461",Rain,Urban,Bike,3
710,"33.8855, -6.8526",Rain,Urban,Bike,3
711,"33.9444, -6.7738",Clear,Urban,Car,2
712,"34.1121, -6.8042",Rain,Urban,Car,2
713,"33.8122, -6.9849",Clear,Highway,Truck,4
714,"34.0294, -6.6391",Clear,Urban,Truck,2
715,"33.9092, -6.9311",Rain,Rural,Bike,3
716,"34.0578, -6.8405",Clear,Urban,Truck,2
717,"33.9676, -6.6570",Rain,Highway,Car,4
718,"33.7394, -6.9139",Clear,Highway,Car,2
719,"34.0804, -6.6441",Rain,Rural,Car,3
720,"34.0521, -6.8043",Rain,Highway,Car,4
721,"33.9994, -6.8329",Rain,Highway,Bike,4
722,"34.0700, -6.8433",Rain,Highway,Bike,4
723,"34.0758, -6.7281",Clear,Urban,Bike,2
724,"34.1348, -6.8647",Rain,Urban,Car,1
725,"33.8197, -6.8924",Clear,Highway,Car,2
726,"34.0159, -6.8553",Fog,Highway,Truck,4
727,"34.0369, -6.6211",Clear,Urban,Car,1
728,"34.0368, -6.7846",Clear,Rural,Bike,3
729,"33.7661, -6.9128",Clear,Urban,Truck,2
730,"34.0804, -6.8385",Rain,Highway,Car,3
731,"34.1715, -6.7785",Clear,Highway,Car,2
732,"33.9146, -6.8017",Clear,Urban,Truck,2
733,"33.8734, -6.5998",Clear,Highway,Truck,4
734,"33.9899, -6.8148",Rain,Rural,Bike,3
735,"34.1544, -6.8432",Clear,Rural,Bike,2
736,"34.1740, -7.0087",Fog,Highway,Car,4
737,"34.0282, -6.8263",Clear,Rural,Truck,2
738,"33.8291, -6.8361",Rain,Highway,,4
739,"33.9257, -6.7999",Clear,Urban,Truck,3
740,"33.9525, -6.6465",Clear,Highway,,3
741,"34.1506, -6.8673",Clear,Highway,Car,3
742,"34.1090, -6.9215",Rain,Rural,Truck,3
743,"33.9046, -6.8564",Fog,Highway,Truck,4
744,"33.9993, -6.7439",Clear,Rural,Bike,2
745,"34.0292, -6.8444",,Rural,Bike,2
746,"33.9875, -6.6989",Clear,Rural,Truck,2
747,"34.1191, -6.8192",Clear,Urban,,1
748,"33.9173, -6.8627",Clear,Highway,Truck,4
749,"33.9221, -6.7706",Rain,Highway,Car,3
750,"34.0981, -6.6936",Clear,Rural,Truck,3
751,"33.9837, -6.7062",Clear,Urban,,3
752,"34.0077, -6.7325",Rain,Rural,Bike,3
753,"34.0565, -6.7098",,Rural,Bike,4
754,"34.1220, -6.6660",Clear,Rural,Bike,2
755,"34.0880, -6.9742",Rain,Rural,Truck,4
756,"34.2342, -6.7584",Clear,Highway,,3
757,"33.9012, -6.7250",Clear,Highway,Truck,4
758,"34.0718, -6.7092",Rain,Rural,Bike,4
759,"34.1150, -6.7738",,Urban,Car,2
760,"34.0368, -6.8491",Rain,Highway,Truck,4
761,"33.9326, -6.7223",Clear,Urban,Bike,2
762,"34.0111, -6.8316",Rain,Highway,Bike,4
763,"34.0026, -6.8775",Clear,Urban,Bike,2
764,"34.0301, -6.8517",Clear,Rural,Bike,1
765,"34.0877, -6.8365",Rain,Urban,Bike,2
766,"33.8776, -6.6845",Clear,Rural,Car,1
767,"34.1335, -6.6587",Clear,Highway,Car,2
768,"33.8213, -6.7168",Clear,Rural,Bike,2
769,"34.1209, -6.8300",Rain,Highway,Bike,4
770,"33.9048, -6.8700",Rain,Rural,Truck,4
771,"33.9118, -6.9909",Clear,Highway,Truck,4
772,"34.1162, -6.8659",Clear,Rural,Bike,2
773,"34.0066, -6.9198",Clear,Urban,Car,1
774,"33.9932, -6.6491",Clear,Highway,Car,2
775,"34.0087, -6.6175",Clear,Rural,,3
776,"34.1400, -6.8222",Rain,Urban,Car,1
777,"34.0403, -6.5872",Clear,Urban,Bike,1
778,"33.8717, -6.5688",Clear,Urban,Bike,1
779,"33.8092, -6.7753",Clear,Highway,Bike,3
780,"34.1234, -6.8097",Rain,Urban,Car,3
781,"33.9645, -6.7583",Rain,Rural,Bike,3
782,"34.0897, -6.6907",Clear,Highway,Bike,3
783,"33.8281, -6.7522",Clear,Highway,Truck,4
784,"34.0930, -6.8642",Clear,Highway,Car,3
785,"34.1620, -6.7476",Fog,Urban,Car,2
786,"33.8717, -6.7310",Clear,Urban,Bike,2
787,"34.1231, -6.6357",Rain,Highway,Bike,4
788,"34.1200, -6.7864",Clear,Highway,Car,3
789,"33.8806, -6.8028",,Highway,Bike,4
790,"34.0604, -6.6929",Clear,Urban,Bike,2
791,"33.8712, -6.7549",Fog,Highway,Car,4
792,"33.7700, -6.6955",Clear,Urban,Bike,2
793,"34.0005, -6.7996",Clear,Highway,,4
794,"34.0008, -6.8143",Rain,Highway,Truck,4
795,"34.0156, -6.8418",Clear,Urban,Truck,4
796,"34.0175, -6.7239",Fog,Rural,Truck,4
797,"33.9083, -6.7704",Clear,Urban,Truck,3
798,"34.0597, -6.6485",Rain,Highway,Bike,4
799,"34.0206, -6.8478",Clear,Rural,Car,1
800,"33.9071, -6.7802",Clear,Highway,Bike,3
