ID_Post,Texte,Horodatage,Plateforme,Etiquette
1,I feel work and friend. Just happy today.,2023-01-14 12:33:00,Reddit,Normal
2,I feel lunch and movie. Just game today.,2023-01-02 07:55:00,Twitter,Normal
3,I feel dread and future. Just dread today.,2023-01-05 03:58:00,Twitter,Anxious
4,I feel work and lunch. Just lunch today.,2023-01-21 16:17:00,Reddit,Normal
5,I feel weather and lunch. Just cool today.,2023-01-13 21:34:00,Reddit,Normal
6,I feel weather and movie. Just cool today.,2023-01-17 20:57:00,Twitter,Normal
7,I feel tired and pain. Just alone today.,2023-01-29 00:02:00,Twitter,Depressed
8,I feel dread and dread. Just nervous today.,2023-01-15 21:09:00,Reddit,Anxious
9,I feel alone and empty. Just tired today.,2023-01-13 03:29:00,Twitter,Depressed
10,I feel tired and empty. Just hopeless today.,2023-01-03 01:11:00,Reddit,Depressed
11,I feel dread and nervous. Just shaking today.,2023-01-22 21:57:00,Twitter,Anxious
12,I feel tired and alone. Just hopeless today.,2023-01-07 05:25:00,Twitter,Depressed
13,I feel alone and dark. Just hopeless today.,2023-01-25 02:37:00,Reddit,Depressed
14,I feel friend and weather. Just movie today.,2023-01-21 17:56:00,Twitter,Normal
15,I feel cool and happy. Just happy today.,2023-01-02 08:55:00,Reddit,Normal
16,I feel nervous and stress. Just future today.,2023-01-27 02:45:00,Twitter,Anxious
17,I feel happy and happy. Just lunch today.,2023-01-13 23:04:00,Twitter,Normal
18,I feel weather and game. Just movie today.,2023-01-20 14:55:00,Reddit,Normal
19,I feel worried and worried. Just dread today.,2023-01-20 15:14:00,Reddit,Anxious
20,I feel stress and dread. Just worried today.,2023-01-12 05:33:00,Reddit,Anxious
21,I feel work and weather. Just happy today.,2023-01-18 23:17:00,Reddit,Normal
22,I feel empty and pain. Just tired today.,2023-01-29 04:03:00,Reddit,Depressed
23,I feel future and worried. Just dread today.,2023-01-15 04:32:00,Twitter,Anxious
24,I feel game and work. Just happy today.,2023-01-07 21:21:00,Twitter,Normal
25,I feel stress and worried. Just worried today.,2023-01-13 00:37:00,Twitter,Anxious
26,I feel pain and sad. Just alone today.,2023-01-04 01:38:00,Twitter,Depressed
27,I feel tired and pain. Just tired today.,2023-01-12 00:20:00,Reddit,Depressed
28,I feel lunch and work. Just cool today.,2023-01-13 19:52:00,Reddit,Normal
29,I feel dread and panic. Just nervous today.,2023-01-07 05:17:00,Reddit,Anxious
30,I feel friend and cool. Just movie today.,2023-01-06 10:15:00,Reddit,Normal
31,I feel worried and nervous. Just future today.,2023-01-22 02:46:00,Twitter,Anxious
32,I feel work and weather. Just friend today.,2023-01-19 20:21:00,Reddit,Normal
33,I feel empty and tired. Just hopeless today.,2023-01-19 03:00:00,Reddit,Depressed
34,I feel movie and game. Just weather today.,2023-01-10 16:42:00,Twitter,Normal
35,I feel sleep and tired. Just dark today.,2023-01-01 21:41:00,Reddit,Depressed
36,I feel lunch and happy. Just lunch today.,2023-01-17 06:35:00,Twitter,Normal
37,I feel lunch and movie. Just movie today.,2023-01-26 17:42:00,Twitter,Normal
38,I feel lunch and work. Just work today.,2023-01-22 07:37:00,Reddit,Normal
39,I feel dread and panic. Just dread today.,2023-01-03 00:50:00,Reddit,Anxious
40,I feel shaking and shaking. Just worried today.,2023-01-11 05:53:00,Twitter,Anxious
41,I feel movie and game. Just lunch today.,2023-01-11 20:26:00,Twitter,Normal
42,I feel future and dread. Just future today.,2023-01-12 03:57:00,Twitter,Anxious
43,I feel empty and pain. Just hopeless today.,2023-01-06 05:15:00,Twitter,Anxious
44,I feel stress and panic. Just worried today.,2023-01-26 05:18:00,Twitter,Anxious
45,I feel lunch and cool. Just weather today.,2023-01-12 10:00:00,Reddit,Normal
46,I feel nervous and scared. Just stress today.,2023-01-11 21:28:00,Reddit,Anxious
47,I feel worried and nervous. Just scared today.,2023-01-14 10:14:00,Reddit,Anxious
48,I feel game and cool. Just friend today.,2023-01-27 12:37:00,Twitter,Normal
49,I feel dark and tired. Just pain today.,2023-01-01 00:13:00,Twitter,Depressed
50,I feel shaking and shaking. Just shaking today.,2023-01-07 08:20:00,Reddit,Anxious
51,I feel alone and hopeless. Just dark today.,2023-01-06 02:14:00,Reddit,Normal
52,I feel game and weather. Just movie today.,2023-01-20 19:15:00,Reddit,Normal
53,I feel pain and hopeless. Just empty today.,2023-01-25 16:58:00,Reddit,Normal
54,I feel sad and pain. Just dark today.,2023-01-05 01:51:00,Twitter,Depressed
55,I feel empty and dark. Just alone today.,2023-01-31 03:50:00,Twitter,Depressed
56,I feel game and work. Just weather today.,2023-01-02 09:38:00,Reddit,Normal
57,I feel future and worried. Just dread today.,2023-01-21 05:12:00,Reddit,Anxious
58,I feel friend and happy. Just friend today.,2023-01-08 06:26:00,Twitter,Normal
59,I feel empty and alone. Just dark today.,2023-01-24 04:20:00,Twitter,Depressed
60,I feel empty and empty. Just alone today.,2023-01-20 01:33:00,Reddit,Depressed
61,I feel happy and lunch. Just weather today.,2023-01-20 09:46:00,Reddit,Normal
62,I feel cool and weather. Just cool today.,2023-01-26 14:30:00,Reddit,Normal
63,I feel tired and alone. Just hopeless today.,2023-01-26 04:25:00,Twitter,Depressed
64,I feel sad and hopeless. Just pain today.,2023-01-19 03:20:00,Reddit,Depressed
65,I feel sleep and pain. Just tired today.,2023-01-24 01:27:00,Reddit,Depressed
66,I feel future and future. Just dread today.,2023-01-31 20:48:00,Twitter,Anxious
67,I feel dread and panic. Just nervous today.,2023-01-02 02:13:00,Reddit,Anxious
68,I feel movie and weather. Just friend today.,2023-01-20 11:13:00,Twitter,Normal
69,I feel empty and sad. Just tired today.,2023-01-29 03:58:00,Reddit,Depressed
70,I feel friend and friend. Just work today.,2023-01-26 16:52:00,Twitter,Normal
71,I feel stress and future. Just stress today.,2023-01-15 00:16:00,Reddit,Anxious
72,I feel panic and dread. Just future today.,2023-01-23 04:36:00,Twitter,Anxious
73,I feel lunch and weather. Just work today.,2023-01-18 13:07:00,Twitter,Normal
74,I feel future and scared. Just worried today.,2023-01-13 13:12:00,Reddit,Anxious
75,,2023-01-08 15:25:00,Reddit,Anxious
76,I feel hopeless and sad. Just hopeless today.,2023-01-22 08:29:00,Reddit,Depressed
77,I feel alone and empty. Just dark today.,2023-01-30 02:13:00,Twitter,Depressed
78,I feel work and game. Just lunch today.,2023-01-03 09:54:00,Reddit,Normal
79,I feel weather and movie. Just weather today.,2023-01-28 06:07:00,Twitter,Normal
80,I feel sad and alone. Just tired today.,2023-01-28 05:08:00,Reddit,Depressed
81,I feel friend and lunch. Just work today.,2023-01-11 14:35:00,Reddit,Normal
82,I feel scared and worried. Just shaking today.,2023-01-24 17:11:00,Reddit,Anxious
83,I feel work and friend. Just movie today.,2023-01-07 11:59:00,Reddit,Normal
84,I feel scared and future. Just panic today.,2023-01-10 05:25:00,Reddit,Anxious
85,I feel movie and weather. Just work today.,2023-01-19 10:58:00,Twitter,Normal
86,I feel stress and future. Just panic today.,2023-01-02 05:40:00,Twitter,Anxious
87,I feel lunch and happy. Just weather today.,2023-01-14 20:03:00,Reddit,Normal
88,I feel work and game. Just cool today.,2023-01-19 14:22:00,Twitter,Normal
89,I feel friend and movie. Just movie today.,2023-01-06 22:31:00,Reddit,Normal
90,I feel scared and nervous. Just future today.,2023-01-06 04:02:00,Twitter,Anxious
91,I feel work and lunch. Just movie today.,2023-01-14 17:12:00,Twitter,Normal
92,I feel scared and dread. Just panic today.,2023-01-18 13:24:00,Twitter,Anxious
93,I feel scared and nervous. Just scared today.,2023-01-01 04:44:00,Twitter,Anxious
94,I feel sleep and alone. Just hopeless today.,2023-01-12 03:12:00,Reddit,Depressed
95,I feel dark and hopeless. Just sleep today.,2023-01-15 22:03:00,Reddit,Depressed
96,I feel work and game. Just movie today.,2023-01-08 12:41:00,Reddit,Normal
97,I feel nervous and scared. Just nervous today.,2023-01-24 20:25:00,Reddit,Anxious
98,I feel game and game. Just cool today.,2023-01-26 20:21:00,Reddit,Normal
99,I feel nervous and panic. Just stress today.,2023-01-22 20:13:00,Twitter,Anxious
100,I feel sleep and pain. Just pain today.,2023-01-22 19:00:00,Reddit,Depressed
101,I feel pain and dark. Just sad today.,2023-01-12 01:26:00,Twitter,Depressed
102,I feel happy and movie. Just happy today.,2023-01-02 17:15:00,Twitter,Normal
103,I feel cool and game. Just movie today.,2023-01-18 13:34:00,Twitter,Normal
104,I feel future and future. Just worried today.,2023-01-16 00:03:00,Reddit,Anxious
105,I feel tired and dark. Just empty today.,2023-01-12 03:00:00,Twitter,Depressed
106,I feel game and work. Just weather today.,2023-01-22 22:43:00,Twitter,Normal
107,I feel empty and pain. Just alone today.,2023-01-10 18:10:00,Twitter,Depressed
108,I feel cool and lunch. Just cool today.,2023-01-15 12:04:00,Twitter,Normal
109,I feel hopeless and tired. Just sad today.,2023-01-21 02:12:00,Reddit,Depressed
110,I feel friend and happy. Just weather today.,2023-01-10 17:26:00,Twitter,Normal
111,I feel alone and alone. Just sad today.,2023-01-12 08:55:00,Reddit,Depressed
112,I feel dread and dread. Just shaking today.,2023-01-16 01:11:00,Twitter,Anxious
113,I feel nervous and shaking. Just shaking today.,2023-01-07 03:18:00,Twitter,Anxious
114,I feel game and happy. Just game today.,2023-01-23 17:28:00,Twitter,Normal
115,I feel worried and scared. Just panic today.,2023-01-30 00:21:00,Twitter,Anxious
116,I feel shaking and future. Just shaking today.,2023-01-29 22:03:00,Twitter,Anxious
117,I feel sleep and alone. Just sleep today.,2023-01-14 05:52:00,Reddit,Depressed
118,I feel movie and movie. Just weather today.,2023-01-02 12:05:00,Twitter,Normal
119,I feel hopeless and empty. Just hopeless today.,2023-01-13 04:44:00,Twitter,Depressed
120,I feel friend and game. Just friend today.,2023-01-17 17:48:00,Twitter,Normal
121,I feel sad and sad. Just alone today.,2023-01-24 01:40:00,Reddit,Depressed
122,I feel alone and pain. Just alone today.,2023-01-11 18:51:00,Twitter,Depressed
123,I feel alone and alone. Just tired today.,2023-01-09 00:12:00,Reddit,Depressed
124,I feel game and work. Just game today.,2023-01-31 06:42:00,Reddit,Normal
125,I feel alone and hopeless. Just sad today.,2023-01-09 02:03:00,Twitter,Depressed
126,I feel game and cool. Just happy today.,2023-01-04 11:12:00,Reddit,Normal
127,I feel lunch and happy. Just cool today.,2023-01-08 09:21:00,Twitter,Anxious
128,I feel movie and weather. Just happy today.,2023-01-17 08:35:00,Twitter,Normal
129,I feel cool and movie. Just movie today.,2023-01-13 17:16:00,Twitter,Normal
130,I feel tired and empty. Just pain today.,2023-01-15 03:08:00,Twitter,Depressed
131,I feel game and weather. Just lunch today.,2023-01-03 14:29:00,Reddit,Normal
132,I feel movie and movie. Just weather today.,2023-01-01 10:51:00,Reddit,Normal
133,I feel future and dread. Just nervous today.,2023-01-12 05:37:00,Twitter,Anxious
134,I feel lunch and weather. Just weather today.,2023-01-07 19:56:00,Reddit,Normal
135,I feel lunch and happy. Just lunch today.,2023-01-05 06:45:00,Reddit,Anxious
136,I feel dark and sad. Just sleep today.,2023-01-04 05:52:00,Reddit,Depressed
137,I feel nervous and panic. Just panic today.,2023-01-02 18:43:00,Reddit,Anxious
138,I feel movie and work. Just happy today.,2023-01-11 20:30:00,Twitter,Normal
139,I feel worried and scared. Just shaking today.,2023-01-21 15:13:00,Reddit,Anxious
140,I feel cool and movie. Just cool today.,2023-01-10 13:50:00,Reddit,Normal
141,I feel future and panic. Just dread today.,2023-01-06 00:49:00,Twitter,Anxious
142,I feel sleep and hopeless. Just sleep today.,2023-01-27 13:14:00,Reddit,Depressed
143,I feel shaking and worried. Just panic today.,2023-01-20 05:34:00,Reddit,Anxious
144,I feel nervous and scared. Just future today.,2023-01-01 02:49:00,Twitter,Anxious
145,I feel cool and weather. Just cool today.,2023-01-04 20:05:00,Reddit,Normal
146,I feel dark and hopeless. Just tired today.,2023-01-05 08:07:00,Reddit,Depressed
147,I feel friend and game. Just cool today.,2023-01-10 10:44:00,Twitter,Normal
148,I feel stress and stress. Just scared today.,2023-01-31 15:23:00,Twitter,Depressed
149,I feel game and cool. Just cool today.,2023-01-02 18:13:00,Twitter,Normal
150,I feel game and weather. Just friend today.,2023-01-17 15:19:00,Twitter,Normal
151,I feel dark and pain. Just alone today.,2023-01-20 03:57:00,Reddit,Depressed
152,I feel empty and pain. Just pain today.,2023-01-31 20:13:00,Twitter,Depressed
153,I feel sleep and alone. Just tired today.,2023-01-15 19:59:00,Twitter,Depressed
154,I feel friend and movie. Just weather today.,2023-01-11 23:33:00,Twitter,Normal
155,I feel sad and dark. Just hopeless today.,2023-01-09 13:10:00,Twitter,Depressed
156,I feel stress and scared. Just dread today.,2023-01-26 02:13:00,Reddit,Anxious
157,I feel lunch and movie. Just movie today.,2023-01-01 19:22:00,Reddit,Normal
158,I feel work and cool. Just happy today.,2023-01-17 16:31:00,Reddit,Normal
159,I feel friend and friend. Just lunch today.,2023-01-07 16:49:00,Reddit,Normal
160,I feel sleep and tired. Just dark today.,2023-01-28 05:35:00,Reddit,Depressed
161,I feel lunch and weather. Just friend today.,2023-01-09 10:06:00,Reddit,Normal
162,I feel weather and cool. Just weather today.,2023-01-04 23:12:00,Reddit,Normal
163,I feel weather and friend. Just game today.,2023-01-12 06:36:00,Twitter,Normal
164,I feel dark and empty. Just tired today.,2023-01-13 10:25:00,Reddit,Depressed
165,I feel alone and tired. Just tired today.,2023-01-11 01:11:00,Reddit,Depressed
166,I feel hopeless and tired. Just sleep today.,2023-01-19 12:05:00,Reddit,Depressed
167,I feel work and happy. Just work today.,2023-01-28 10:35:00,Twitter,Normal
168,I feel weather and friend. Just friend today.,2023-01-20 21:33:00,Twitter,Normal
169,I feel movie and lunch. Just happy today.,2023-01-29 11:40:00,Reddit,Normal
170,I feel shaking and scared. Just future today.,2023-01-29 02:11:00,Reddit,Anxious
171,I feel lunch and game. Just game today.,2023-01-08 10:14:00,Twitter,Normal
172,I feel stress and worried. Just nervous today.,2023-01-11 04:49:00,Reddit,Anxious
173,I feel work and work. Just happy today.,2023-01-27 21:36:00,Twitter,Normal
174,I feel happy and movie. Just game today.,2023-01-28 09:17:00,Twitter,Normal
175,I feel lunch and game. Just game today.,2023-01-07 09:25:00,Reddit,Normal
176,I feel sad and hopeless. Just pain today.,2023-01-30 04:27:00,Reddit,Depressed
177,I feel empty and hopeless. Just sleep today.,2023-01-08 04:42:00,Reddit,Depressed
178,I feel panic and stress. Just scared today.,2023-01-11 00:36:00,Twitter,Anxious
179,I feel cool and game. Just cool today.,2023-01-31 23:44:00,Reddit,Normal
180,I feel scared and scared. Just worried today.,2023-01-03 20:33:00,Twitter,Anxious
181,I feel dread and shaking. Just stress today.,2023-01-16 01:53:00,Reddit,Anxious
182,I feel friend and work. Just happy today.,2023-01-26 16:33:00,Twitter,Normal
183,I feel dread and shaking. Just stress today.,2023-01-17 19:30:00,Twitter,Anxious
184,I feel panic and future. Just nervous today.,2023-01-01 09:09:00,Reddit,Anxious
185,I feel pain and hopeless. Just alone today.,2023-01-22 01:34:00,Twitter,Depressed
186,I feel movie and game. Just movie today.,2023-01-10 09:35:00,Twitter,Anxious
187,I feel alone and empty. Just empty today.,2023-01-03 09:56:00,Twitter,Depressed
188,I feel weather and happy. Just game today.,2023-01-12 08:53:00,Twitter,Anxious
189,I feel happy and friend. Just lunch today.,2023-01-14 13:00:00,Reddit,Normal
190,I feel stress and dread. Just dread today.,2023-01-05 18:19:00,Twitter,Anxious
191,I feel sleep and pain. Just pain today.,2023-01-10 09:12:00,Twitter,Depressed
192,I feel weather and movie. Just work today.,2023-01-03 13:48:00,Twitter,Normal
193,I feel lunch and friend. Just weather today.,2023-01-14 08:20:00,Twitter,Normal
194,I feel alone and hopeless. Just hopeless today.,2023-01-11 01:56:00,Reddit,Depressed
195,I feel shaking and panic. Just shaking today.,2023-01-31 03:19:00,Twitter,Anxious
196,I feel cool and cool. Just lunch today.,2023-01-12 08:36:00,Reddit,Normal
197,I feel weather and happy. Just lunch today.,2023-01-29 13:18:00,Twitter,Normal
198,I feel friend and weather. Just weather today.,2023-01-30 13:06:00,Twitter,Normal
199,I feel movie and game. Just cool today.,2023-01-06 20:14:00,Twitter,Normal
200,I feel stress and future. Just shaking today.,2023-01-10 18:48:00,Reddit,Anxious
201,I feel movie and lunch. Just weather today.,2023-01-03 08:42:00,Reddit,Normal
202,I feel tired and sleep. Just alone today.,2023-01-23 04:49:00,Twitter,Depressed
203,I feel weather and friend. Just work today.,2023-01-12 17:35:00,Twitter,Normal
204,I feel cool and weather. Just weather today.,2023-01-22 18:45:00,Twitter,Normal
205,I feel scared and panic. Just worried today.,2023-01-02 04:17:00,Twitter,Anxious
206,I feel empty and sleep. Just pain today.,2023-01-29 02:40:00,Twitter,Depressed
207,I feel alone and sad. Just tired today.,2023-01-04 09:48:00,Reddit,Depressed
208,I feel nervous and stress. Just scared today.,2023-01-20 00:29:00,Twitter,Anxious
209,I feel movie and lunch. Just lunch today.,2023-01-19 06:35:00,Reddit,Normal
210,I feel empty and sleep. Just sleep today.,2023-01-30 17:07:00,Reddit,Depressed
211,I feel cool and friend. Just movie today.,2023-01-16 11:46:00,Twitter,Normal
212,I feel tired and dark. Just dark today.,2023-01-14 02:44:00,Twitter,Depressed
213,I feel happy and happy. Just work today.,2023-01-10 23:59:00,Reddit,Normal
214,I feel scared and future. Just panic today.,2023-01-19 20:05:00,Twitter,Anxious
215,I feel stress and scared. Just worried today.,2023-01-07 02:21:00,Reddit,Anxious
216,I feel cool and movie. Just friend today.,2023-01-17 13:51:00,Twitter,Normal
217,I feel stress and future. Just worried today.,2023-01-06 02:17:00,Reddit,Anxious
218,I feel weather and weather. Just weather today.,2023-01-21 12:00:00,Reddit,Normal
219,,2023-01-11 21:52:00,Reddit,Normal
220,I feel friend and friend. Just work today.,2023-01-21 14:37:00,Reddit,Normal
221,I feel scared and future. Just dread today.,2023-01-29 03:34:00,Reddit,Anxious
222,I feel worried and worried. Just stress today.,2023-01-22 02:20:00,Reddit,Anxious
223,I feel cool and weather. Just happy today.,2023-01-06 10:13:00,Reddit,Normal
224,I feel game and lunch. Just weather today.,2023-01-19 12:14:00,Twitter,Normal
225,I feel panic and nervous. Just stress today.,2023-01-16 03:42:00,Reddit,Anxious
226,I feel work and lunch. Just movie today.,2023-01-08 10:34:00,Reddit,Normal
227,I feel movie and game. Just cool today.,2023-01-24 11:55:00,Twitter,Normal
228,I feel panic and dread. Just scared today.,2023-01-29 00:53:00,Reddit,Anxious
229,I feel lunch and lunch. Just friend today.,2023-01-05 22:57:00,Twitter,Normal
230,I feel cool and game. Just cool today.,2023-01-04 21:12:00,Reddit,Normal
231,I feel alone and empty. Just pain today.,2023-01-13 00:56:00,Reddit,Depressed
232,I feel happy and work. Just weather today.,2023-01-18 10:44:00,Twitter,Normal
233,I feel friend and movie. Just friend today.,2023-01-20 08:23:00,Reddit,Normal
234,I feel work and game. Just movie today.,2023-01-08 20:13:00,Reddit,Normal
235,I feel happy and friend. Just game today.,2023-01-12 11:42:00,Reddit,Normal
236,I feel work and weather. Just lunch today.,2023-01-29 18:31:00,Reddit,Normal
237,I feel lunch and movie. Just cool today.,2023-01-26 14:36:00,Twitter,Normal
238,I feel friend and happy. Just cool today.,2023-01-10 20:19:00,Reddit,Normal
239,I feel friend and cool. Just cool today.,2023-01-17 09:43:00,Reddit,Depressed
240,I feel happy and cool. Just game today.,2023-01-18 06:57:00,Reddit,Normal
241,I feel game and game. Just work today.,2023-01-22 18:39:00,Twitter,Normal
242,I feel cool and work. Just lunch today.,2023-01-06 09:06:00,Twitter,Normal
243,I feel weather and lunch. Just game today.,2023-01-20 20:42:00,Reddit,Normal
244,I feel tired and alone. Just alone today.,2023-01-30 22:11:00,Reddit,Depressed
245,I feel lunch and work. Just game today.,2023-01-01 08:14:00,Reddit,Normal
246,I feel lunch and weather. Just happy today.,2023-01-22 20:58:00,Reddit,Normal
247,,2023-01-05 13:33:00,Twitter,Normal
248,I feel weather and friend. Just lunch today.,2023-01-27 20:50:00,Reddit,Normal
249,I feel future and future. Just worried today.,2023-01-05 04:17:00,Reddit,Anxious
250,I feel sad and hopeless. Just hopeless today.,2023-01-14 04:17:00,Reddit,Depressed
251,I feel nervous and future. Just panic today.,2023-01-11 04:46:00,Reddit,Anxious
252,I feel future and scared. Just future today.,2023-01-31 01:01:00,Twitter,Anxious
253,I feel weather and weather. Just lunch today.,2023-01-04 10:13:00,Twitter,Normal
254,I feel hopeless and hopeless. Just alone today.,2023-01-24 03:33:00,Reddit,Depressed
255,I feel hopeless and dark. Just dark today.,2023-01-19 00:08:00,Reddit,Depressed
256,I feel empty and sleep. Just dark today.,2023-01-11 02:55:00,Twitter,Depressed
257,I feel scared and worried. Just scared today.,2023-01-30 04:31:00,Reddit,Anxious
258,I feel weather and friend. Just happy today.,2023-01-25 06:37:00,Reddit,Normal
259,I feel happy and friend. Just happy today.,2023-01-01 08:44:00,Reddit,Normal
260,I feel tired and hopeless. Just tired today.,2023-01-31 02:26:00,Reddit,Depressed
261,I feel future and worried. Just worried today.,2023-01-18 10:18:00,Reddit,Anxious
262,I feel stress and panic. Just nervous today.,2023-01-12 23:47:00,Reddit,Anxious
263,I feel hopeless and dark. Just empty today.,2023-01-05 04:43:00,Twitter,Depressed
264,I feel game and work. Just game today.,2023-01-17 19:01:00,Twitter,Normal
265,I feel future and future. Just worried today.,2023-01-18 06:54:00,Twitter,Anxious
266,I feel alone and sad. Just tired today.,2023-01-26 02:48:00,Reddit,Depressed
267,I feel shaking and nervous. Just nervous today.,2023-01-03 18:02:00,Reddit,Anxious
268,I feel movie and friend. Just friend today.,2023-01-01 23:12:00,Reddit,Normal
269,I feel nervous and shaking. Just nervous today.,2023-01-03 02:42:00,Twitter,Anxious
270,I feel game and work. Just game today.,2023-01-17 17:28:00,Twitter,Normal
271,I feel worried and panic. Just panic today.,2023-01-13 13:31:00,Reddit,Anxious
272,I feel scared and scared. Just future today.,2023-01-04 05:01:00,Twitter,Anxious
273,I feel happy and weather. Just cool today.,2023-01-06 06:05:00,Reddit,Normal
274,I feel cool and work. Just friend today.,2023-01-18 14:49:00,Twitter,Normal
275,I feel weather and friend. Just lunch today.,2023-01-01 16:38:00,Twitter,Normal
276,I feel game and friend. Just happy today.,2023-01-24 09:52:00,Twitter,Normal
277,I feel lunch and lunch. Just friend today.,2023-01-25 13:18:00,Twitter,Normal
278,I feel pain and sleep. Just alone today.,2023-01-05 02:53:00,Reddit,Depressed
279,I feel weather and work. Just happy today.,2023-01-03 08:51:00,Reddit,Normal
280,I feel friend and friend. Just lunch today.,2023-01-21 15:26:00,Reddit,Normal
281,I feel hopeless and dark. Just alone today.,2023-01-18 02:08:00,Twitter,Depressed
282,I feel future and worried. Just dread today.,2023-01-14 18:08:00,Twitter,Anxious
283,I feel friend and weather. Just game today.,2023-01-10 18:02:00,Twitter,Normal
284,I feel dark and dark. Just hopeless today.,2023-01-15 14:38:00,Twitter,Depressed
285,I feel cool and happy. Just friend today.,2023-01-25 06:33:00,Reddit,Normal
286,I feel weather and game. Just friend today.,2023-01-29 19:27:00,Reddit,Normal
287,I feel pain and alone. Just empty today.,2023-01-15 23:57:00,Twitter,Normal
288,I feel weather and movie. Just lunch today.,2023-01-24 18:57:00,Twitter,Normal
289,I feel cool and lunch. Just movie today.,2023-01-03 06:49:00,Twitter,Normal
290,I feel dark and sad. Just tired today.,2023-01-07 03:00:00,Twitter,Depressed
291,I feel sleep and alone. Just sad today.,2023-01-14 04:53:00,Twitter,Depressed
292,I feel movie and weather. Just weather today.,2023-01-19 15:05:00,Reddit,Normal
293,I feel shaking and future. Just shaking today.,2023-01-17 17:43:00,Twitter,Anxious
294,I feel friend and movie. Just movie today.,2023-01-14 19:22:00,Reddit,Normal
295,I feel pain and pain. Just sad today.,2023-01-15 02:21:00,Twitter,Depressed
296,I feel lunch and cool. Just lunch today.,2023-01-21 15:27:00,Reddit,Anxious
297,I feel game and happy. Just friend today.,2023-01-05 20:26:00,Twitter,Normal
298,I feel game and work. Just work today.,2023-01-18 18:30:00,Reddit,Normal
299,I feel sleep and hopeless. Just alone today.,2023-01-20 12:57:00,Twitter,Depressed
300,I feel sad and alone. Just sleep today.,2023-01-16 02:32:00,Twitter,Depressed
301,I feel scared and panic. Just dread today.,2023-01-28 05:41:00,Twitter,Anxious
302,I feel weather and weather. Just cool today.,2023-01-03 13:32:00,Reddit,Anxious
303,I feel sad and tired. Just alone today.,2023-01-07 04:39:00,Twitter,Depressed
304,I feel game and work. Just friend today.,2023-01-05 06:27:00,Reddit,Normal
305,I feel friend and movie. Just cool today.,2023-01-19 09:34:00,Reddit,Normal
306,I feel lunch and happy. Just movie today.,2023-01-21 19:41:00,Reddit,Normal
307,I feel work and happy. Just friend today.,2023-01-16 19:19:00,Twitter,Normal
308,I feel tired and dark. Just tired today.,2023-01-24 05:37:00,Twitter,Depressed
309,I feel movie and movie. Just weather today.,2023-01-18 16:05:00,Reddit,Normal
310,I feel sad and sleep. Just sad today.,2023-01-30 15:48:00,Twitter,Depressed
311,I feel game and game. Just happy today.,2023-01-09 20:25:00,Reddit,Normal
312,I feel game and work. Just lunch today.,2023-01-30 15:22:00,Twitter,Normal
313,I feel movie and game. Just work today.,2023-01-11 18:16:00,Twitter,Normal
314,I feel work and movie. Just cool today.,2023-01-26 10:34:00,Reddit,Depressed
315,I feel stress and shaking. Just dread today.,2023-01-05 05:46:00,Reddit,Anxious
316,I feel friend and happy. Just game today.,2023-01-25 06:41:00,Reddit,Normal
317,I feel dread and nervous. Just panic today.,2023-01-29 02:00:00,Twitter,Anxious
318,I feel movie and movie. Just work today.,2023-01-07 17:03:00,Reddit,Normal
319,I feel alone and empty. Just tired today.,2023-01-22 05:15:00,Twitter,Depressed
320,I feel movie and friend. Just work today.,2023-01-24 17:54:00,Reddit,Normal
321,I feel friend and work. Just work today.,2023-01-14 14:25:00,Twitter,Normal
322,I feel weather and game. Just weather today.,2023-01-14 21:49:00,Reddit,Normal
323,I feel panic and scared. Just future today.,2023-01-08 04:00:00,Twitter,Anxious
324,I feel movie and lunch. Just friend today.,2023-01-11 12:45:00,Reddit,Normal
325,,2023-01-18 08:53:00,Twitter,Normal
326,I feel sleep and pain. Just sad today.,2023-01-28 14:22:00,Reddit,Depressed
327,I feel pain and dark. Just empty today.,2023-01-12 05:43:00,Reddit,Depressed
328,I feel movie and happy. Just movie today.,2023-01-08 06:03:00,Twitter,Normal
329,I feel hopeless and dark. Just tired today.,2023-01-04 02:42:00,Reddit,Depressed
330,I feel happy and cool. Just happy today.,2023-01-13 12:54:00,Reddit,Normal
331,I feel movie and game. Just cool today.,2023-01-11 12:12:00,Twitter,Normal
332,I feel dread and dread. Just worried today.,2023-01-03 04:37:00,Reddit,Anxious
333,I feel friend and happy. Just weather today.,2023-01-20 07:10:00,Twitter,Normal
334,I feel future and panic. Just dread today.,2023-01-24 02:47:00,Twitter,Anxious
335,I feel dread and worried. Just worried today.,2023-01-20 02:56:00,Reddit,Anxious
336,I feel weather and lunch. Just weather today.,2023-01-23 11:31:00,Reddit,Normal
337,I feel cool and movie. Just game today.,2023-01-09 18:24:00,Reddit,Normal
338,I feel worried and dread. Just future today.,2023-01-27 04:37:00,Twitter,Anxious
339,I feel game and lunch. Just happy today.,2023-01-06 10:23:00,Twitter,Normal
340,I feel tired and pain. Just alone today.,2023-01-26 01:24:00,Reddit,Depressed
341,I feel panic and scared. Just worried today.,2023-01-09 00:16:00,Reddit,Anxious
342,I feel shaking and dread. Just worried today.,2023-01-13 23:18:00,Reddit,Anxious
343,I feel work and happy. Just movie today.,2023-01-07 06:15:00,Reddit,Normal
344,I feel happy and weather. Just movie today.,2023-01-12 11:44:00,Twitter,Normal
345,I feel lunch and friend. Just movie today.,2023-01-31 12:02:00,Reddit,Normal
346,I feel sad and dark. Just tired today.,2023-01-29 15:20:00,Twitter,Depressed
347,I feel game and friend. Just cool today.,2023-01-09 08:17:00,Twitter,Normal
348,I feel sad and tired. Just alone today.,2023-01-13 03:58:00,Reddit,Depressed
349,I feel cool and friend. Just happy today.,2023-01-29 22:17:00,Reddit,Normal
350,I feel friend and work. Just movie today.,2023-01-05 20:30:00,Reddit,Normal
351,I feel hopeless and dark. Just tired today.,2023-01-04 03:58:00,Reddit,Depressed
352,I feel pain and tired. Just hopeless today.,2023-01-03 01:58:00,Reddit,Depressed
353,I feel work and cool. Just happy today.,2023-01-10 15:50:00,Reddit,Normal
354,I feel movie and movie. Just lunch today.,2023-01-31 11:17:00,Reddit,Normal
355,I feel friend and movie. Just cool today.,2023-01-17 19:29:00,Reddit,Normal
356,I feel shaking and dread. Just worried today.,2023-01-02 01:03:00,Reddit,Anxious
357,I feel dread and panic. Just shaking today.,2023-01-14 02:31:00,Reddit,Anxious
358,I feel sad and pain. Just hopeless today.,2023-01-11 02:17:00,Twitter,Depressed
359,I feel happy and work. Just work today.,2023-01-09 11:57:00,Reddit,Normal
360,I feel scared and stress. Just future today.,2023-01-29 17:56:00,Reddit,Anxious
361,I feel tired and tired. Just tired today.,2023-01-24 00:02:00,Twitter,Depressed
362,I feel movie and weather. Just game today.,2023-01-30 23:12:00,Twitter,Normal
363,I feel dread and shaking. Just nervous today.,2023-01-04 04:07:00,Twitter,Depressed
364,I feel movie and movie. Just happy today.,2023-01-30 07:58:00,Twitter,Normal
365,I feel cool and lunch. Just lunch today.,2023-01-14 21:18:00,Twitter,Normal
366,I feel cool and work. Just friend today.,2023-01-27 06:23:00,Reddit,Normal
367,I feel happy and game. Just game today.,2023-01-23 06:59:00,Twitter,Normal
368,I feel dread and dread. Just dread today.,2023-01-13 21:26:00,Reddit,Anxious
369,I feel work and game. Just work today.,2023-01-18 19:45:00,Reddit,Normal
370,I feel sleep and alone. Just sad today.,2023-01-01 14:37:00,Reddit,Depressed
371,I feel cool and work. Just weather today.,2023-01-09 14:22:00,Reddit,Normal
372,I feel movie and happy. Just work today.,2023-01-06 22:47:00,Twitter,Normal
373,I feel sleep and dark. Just sleep today.,2023-01-31 05:00:00,Reddit,Depressed
374,I feel friend and work. Just weather today.,2023-01-17 09:24:00,Twitter,Normal
375,I feel nervous and scared. Just nervous today.,2023-01-12 01:41:00,Twitter,Anxious
376,I feel cool and game. Just weather today.,2023-01-28 18:17:00,Twitter,Normal
377,I feel cool and friend. Just lunch today.,2023-01-06 06:25:00,Reddit,Normal
378,I feel sleep and dark. Just tired today.,2023-01-24 12:35:00,Twitter,Depressed
379,I feel hopeless and tired. Just pain today.,2023-01-25 06:45:00,Twitter,Depressed
380,I feel shaking and scared. Just dread today.,2023-01-20 11:51:00,Twitter,Anxious
381,I feel panic and scared. Just future today.,2023-01-21 05:04:00,Reddit,Anxious
382,I feel friend and lunch. Just work today.,2023-01-06 23:12:00,Reddit,Normal
383,I feel future and stress. Just dread today.,2023-01-21 04:50:00,Twitter,Anxious
384,I feel dark and dark. Just alone today.,2023-01-24 15:31:00,Twitter,Depressed
385,I feel scared and panic. Just dread today.,2023-01-20 04:57:00,Twitter,Anxious
386,I feel shaking and nervous. Just panic today.,2023-01-20 22:55:00,Reddit,Depressed
387,I feel sad and pain. Just empty today.,2023-01-07 04:20:00,Reddit,Depressed
388,I feel scared and shaking. Just future today.,2023-01-10 02:07:00,Reddit,Anxious
389,I feel work and movie. Just game today.,2023-01-30 12:38:00,Twitter,Normal
390,I feel future and scared. Just stress today.,2023-01-10 11:27:00,Reddit,Anxious
391,I feel tired and hopeless. Just sleep today.,2023-01-21 19:18:00,Reddit,Depressed
392,I feel cool and weather. Just happy today.,2023-01-27 10:26:00,Reddit,Normal
393,I feel movie and work. Just weather today.,2023-01-10 23:04:00,Twitter,Normal
394,I feel pain and alone. Just pain today.,2023-01-10 16:18:00,Reddit,Depressed
395,I feel nervous and panic. Just panic today.,2023-01-26 03:14:00,Reddit,Anxious
396,I feel alone and empty. Just alone today.,2023-01-20 07:22:00,Reddit,Depressed
397,I feel friend and happy. Just work today.,2023-01-12 12:08:00,Reddit,Normal
398,I feel game and weather. Just game today.,2023-01-08 21:54:00,Twitter,Normal
399,I feel game and movie. Just game today.,2023-01-06 12:23:00,Reddit,Normal
400,I feel shaking and nervous. Just future today.,2023-01-01 10:03:00,Twitter,Anxious
401,I feel cool and weather. Just friend today.,2023-01-20 18:41:00,Twitter,Normal
402,I feel stress and stress. Just dread today.,2023-01-17 05:44:00,Twitter,Anxious
403,I feel future and dread. Just scared today.,2023-01-10 01:53:00,Reddit,Anxious
404,I feel sleep and sad. Just empty today.,2023-01-06 14:54:00,Reddit,Depressed
405,I feel friend and lunch. Just weather today.,2023-01-27 15:34:00,Reddit,Normal
406,I feel panic and nervous. Just worried today.,2023-01-29 05:48:00,Reddit,Anxious
407,I feel panic and panic. Just panic today.,2023-01-13 16:22:00,Reddit,Anxious
408,I feel game and game. Just movie today.,2023-01-09 23:28:00,Reddit,Normal
409,I feel empty and empty. Just sad today.,2023-01-04 03:33:00,Twitter,Depressed
410,I feel dread and future. Just nervous today.,2023-01-07 06:09:00,Twitter,Anxious
411,I feel tired and empty. Just hopeless today.,2023-01-15 03:35:00,Twitter,Depressed
412,I feel lunch and happy. Just weather today.,2023-01-18 07:15:00,Reddit,Normal
413,I feel empty and sleep. Just hopeless today.,2023-01-27 19:15:00,Reddit,Depressed
414,I feel pain and alone. Just tired today.,2023-01-02 01:52:00,Reddit,Depressed
415,I feel lunch and work. Just cool today.,2023-01-10 15:44:00,Twitter,Normal
416,I feel weather and cool. Just cool today.,2023-01-10 06:22:00,Twitter,Normal
417,I feel hopeless and pain. Just tired today.,2023-01-30 03:36:00,Reddit,Depressed
418,I feel cool and work. Just happy today.,2023-01-22 21:37:00,Twitter,Normal
419,I feel work and weather. Just cool today.,2023-01-04 15:22:00,Twitter,Normal
420,I feel work and weather. Just game today.,2023-01-03 15:22:00,Twitter,Normal
421,I feel happy and game. Just lunch today.,2023-01-04 11:27:00,Reddit,Normal
422,I feel friend and work. Just game today.,2023-01-22 07:13:00,Twitter,Normal
423,I feel empty and sad. Just pain today.,2023-01-04 03:27:00,Reddit,Depressed
424,I feel movie and game. Just game today.,2023-01-26 15:28:00,Twitter,Normal
425,I feel cool and friend. Just happy today.,2023-01-14 20:34:00,Reddit,Normal
426,I feel hopeless and dark. Just hopeless today.,2023-01-19 00:29:00,Reddit,Depressed
427,I feel game and cool. Just friend today.,2023-01-22 23:37:00,Reddit,Normal
428,I feel tired and pain. Just empty today.,2023-01-11 00:52:00,Twitter,Depressed
429,I feel scared and stress. Just worried today.,2023-01-16 04:13:00,Twitter,Anxious
430,I feel work and lunch. Just lunch today.,2023-01-22 23:45:00,Twitter,Normal
431,I feel lunch and cool. Just work today.,2023-01-19 22:22:00,Twitter,Normal
432,I feel happy and work. Just lunch today.,2023-01-02 22:48:00,Reddit,Normal
433,I feel dread and scared. Just scared today.,2023-01-22 15:43:00,Twitter,Anxious
434,I feel friend and happy. Just movie today.,2023-01-17 06:02:00,Reddit,Normal
435,I feel empty and dark. Just sleep today.,2023-01-24 02:53:00,Twitter,Depressed
436,I feel happy and lunch. Just cool today.,2023-01-31 09:45:00,Reddit,Normal
437,I feel alone and pain. Just hopeless today.,2023-01-01 01:50:00,Twitter,Depressed
438,I feel hopeless and sad. Just sleep today.,2023-01-15 02:38:00,Reddit,Depressed
439,I feel dread and worried. Just future today.,2023-01-20 03:07:00,Reddit,Depressed
440,I feel movie and cool. Just movie today.,2023-01-27 06:40:00,Twitter,Normal
441,I feel dread and panic. Just shaking today.,2023-01-29 00:41:00,Reddit,Anxious
442,I feel movie and work. Just weather today.,2023-01-04 16:06:00,Reddit,Normal
443,I feel work and work. Just work today.,2023-01-16 23:43:00,Twitter,Normal
444,I feel panic and panic. Just stress today.,2023-01-26 00:33:00,Twitter,Anxious
445,I feel worried and worried. Just shaking today.,2023-01-31 03:22:00,Reddit,Anxious
446,I feel dread and panic. Just dread today.,2023-01-21 04:35:00,Twitter,Anxious
447,I feel cool and friend. Just friend today.,2023-01-14 06:51:00,Reddit,Normal
448,I feel friend and weather. Just friend today.,2023-01-23 08:39:00,Twitter,Normal
449,I feel happy and work. Just movie today.,2023-01-26 16:55:00,Reddit,Normal
450,I feel cool and cool. Just happy today.,2023-01-29 11:25:00,Reddit,Normal
451,I feel dark and sleep. Just pain today.,2023-01-13 00:11:00,Twitter,Depressed
452,I feel friend and friend. Just friend today.,2023-01-27 08:06:00,Twitter,Normal
453,I feel lunch and lunch. Just game today.,2023-01-07 06:32:00,Reddit,Normal
454,I feel future and nervous. Just dread today.,2023-01-07 19:18:00,Reddit,Anxious
455,I feel lunch and movie. Just work today.,2023-01-14 11:14:00,Twitter,Normal
456,I feel cool and work. Just lunch today.,2023-01-02 18:12:00,Reddit,Normal
457,I feel alone and dark. Just dark today.,2023-01-30 05:59:00,Twitter,Depressed
458,I feel dread and nervous. Just worried today.,2023-01-22 06:46:00,Twitter,Anxious
459,I feel future and future. Just panic today.,2023-01-29 02:05:00,Reddit,Anxious
460,I feel dark and empty. Just sad today.,2023-01-02 08:51:00,Reddit,Depressed
461,I feel weather and game. Just movie today.,2023-01-09 08:40:00,Twitter,Normal
462,I feel sleep and hopeless. Just sleep today.,2023-01-24 01:45:00,Twitter,Depressed
463,I feel dread and future. Just panic today.,2023-01-26 13:22:00,Reddit,Anxious
464,I feel movie and work. Just friend today.,2023-01-12 10:43:00,Reddit,Normal
465,I feel lunch and work. Just lunch today.,2023-01-21 19:53:00,Twitter,Normal
466,I feel empty and empty. Just alone today.,2023-01-22 01:22:00,Twitter,Depressed
467,I feel nervous and scared. Just worried today.,2023-01-08 02:46:00,Twitter,Anxious
468,I feel scared and stress. Just worried today.,2023-01-27 18:00:00,Twitter,Anxious
469,I feel happy and friend. Just lunch today.,2023-01-15 19:43:00,Twitter,Normal
470,I feel sad and hopeless. Just dark today.,2023-01-27 05:19:00,Reddit,Depressed
471,I feel worried and scared. Just panic today.,2023-01-18 07:52:00,Twitter,Anxious
472,I feel movie and weather. Just cool today.,2023-01-09 21:12:00,Twitter,Anxious
473,I feel panic and future. Just nervous today.,2023-01-25 11:50:00,Reddit,Anxious
474,I feel dark and sleep. Just sad today.,2023-01-11 12:02:00,Twitter,Depressed
475,I feel dark and tired. Just sad today.,2023-01-26 01:27:00,Reddit,Depressed
476,I feel game and movie. Just lunch today.,2023-01-17 11:51:00,Twitter,Normal
477,I feel work and game. Just friend today.,2023-01-08 16:57:00,Reddit,Normal
478,I feel lunch and happy. Just lunch today.,2023-01-08 07:34:00,Twitter,Normal
479,I feel dread and panic. Just panic today.,2023-01-09 20:17:00,Twitter,Anxious
480,I feel dread and worried. Just shaking today.,2023-01-28 07:27:00,Reddit,Anxious
481,I feel game and weather. Just weather today.,2023-01-22 11:08:00,Twitter,Normal
482,I feel lunch and game. Just game today.,2023-01-24 15:37:00,Reddit,Normal
483,I feel panic and panic. Just stress today.,2023-01-19 00:27:00,Reddit,Anxious
484,I feel weather and game. Just friend today.,2023-01-20 13:47:00,Reddit,Normal
485,I feel dread and worried. Just dread today.,2023-01-09 15:09:00,Reddit,Anxious
486,I feel shaking and nervous. Just stress today.,2023-01-26 04:44:00,Twitter,Anxious
487,I feel nervous and nervous. Just panic today.,2023-01-20 18:47:00,Twitter,Anxious
488,I feel happy and happy. Just movie today.,2023-01-02 15:07:00,Twitter,Normal
489,I feel lunch and weather. Just work today.,2023-01-10 22:34:00,Reddit,Normal
490,I feel lunch and game. Just work today.,2023-01-18 09:27:00,Twitter,Normal
491,I feel sleep and empty. Just pain today.,2023-01-03 13:05:00,Reddit,Depressed
492,I feel game and lunch. Just weather today.,2023-01-01 11:38:00,Reddit,Normal
493,I feel alone and tired. Just pain today.,2023-01-26 00:05:00,Twitter,Depressed
494,I feel alone and alone. Just tired today.,2023-01-23 01:52:00,Reddit,Depressed
495,,2023-01-02 05:04:00,Twitter,Depressed
496,I feel happy and movie. Just weather today.,2023-01-13 16:45:00,Reddit,Normal
497,I feel dread and shaking. Just shaking today.,2023-01-18 00:13:00,Reddit,Anxious
498,I feel empty and pain. Just sad today.,2023-01-18 05:46:00,Twitter,Depressed
499,I feel game and weather. Just happy today.,2023-01-05 07:36:00,Reddit,Normal
500,I feel cool and lunch. Just work today.,2023-01-02 09:43:00,Reddit,Normal
501,I feel weather and cool. Just cool today.,2023-01-17 07:36:00,Reddit,Normal
502,I feel happy and friend. Just movie today.,2023-01-25 16:44:00,Twitter,Normal
503,I feel dark and empty. Just sleep today.,2023-01-30 02:18:00,Reddit,Depressed
504,I feel movie and lunch. Just happy today.,2023-01-29 19:05:00,Reddit,Normal
505,I feel game and lunch. Just game today.,2023-01-03 14:11:00,Reddit,Normal
506,I feel cool and lunch. Just lunch today.,2023-01-31 06:38:00,Twitter,Normal
507,I feel alone and dark. Just tired today.,2023-01-27 10:44:00,Twitter,Depressed
508,I feel movie and lunch. Just weather today.,2023-01-26 10:22:00,Reddit,Normal
509,I feel game and game. Just game today.,2023-01-19 07:54:00,Reddit,Normal
510,I feel game and happy. Just game today.,2023-01-20 15:39:00,Reddit,Normal
511,I feel dark and alone. Just empty today.,2023-01-21 04:02:00,Reddit,Depressed
512,I feel sleep and sleep. Just pain today.,2023-01-15 01:57:00,Twitter,Depressed
513,I feel movie and game. Just lunch today.,2023-01-22 21:45:00,Twitter,Normal
514,I feel movie and work. Just weather today.,2023-01-01 21:42:00,Twitter,Normal
515,I feel scared and dread. Just scared today.,2023-01-05 05:24:00,Reddit,Anxious
516,I feel shaking and nervous. Just shaking today.,2023-01-01 13:01:00,Reddit,Normal
517,I feel game and weather. Just happy today.,2023-01-03 09:32:00,Reddit,Normal
518,I feel empty and tired. Just sad today.,2023-01-17 23:56:00,Reddit,Depressed
519,I feel friend and cool. Just friend today.,2023-01-08 23:43:00,Reddit,Normal
520,I feel friend and friend. Just movie today.,2023-01-07 23:17:00,Reddit,Normal
521,I feel scared and worried. Just dread today.,2023-01-17 02:21:00,Twitter,Anxious
522,I feel cool and lunch. Just friend today.,2023-01-13 20:09:00,Twitter,Normal
523,I feel worried and panic. Just stress today.,2023-01-23 03:10:00,Twitter,Anxious
524,I feel happy and cool. Just game today.,2023-01-03 06:16:00,Twitter,Normal
525,I feel worried and worried. Just future today.,2023-01-06 09:44:00,Twitter,Anxious
526,I feel weather and friend. Just cool today.,2023-01-10 15:58:00,Twitter,Normal
527,I feel game and work. Just cool today.,2023-01-16 15:46:00,Reddit,Normal
528,I feel dark and pain. Just pain today.,2023-01-31 11:04:00,Twitter,Depressed
529,I feel weather and friend. Just game today.,2023-01-11 20:43:00,Twitter,Normal
530,I feel tired and pain. Just tired today.,2023-01-25 20:19:00,Reddit,Depressed
531,I feel weather and game. Just movie today.,2023-01-11 14:47:00,Reddit,Normal
532,I feel stress and nervous. Just panic today.,2023-01-27 02:44:00,Twitter,Anxious
533,I feel work and friend. Just work today.,2023-01-28 10:18:00,Twitter,Normal
534,I feel empty and alone. Just tired today.,2023-01-06 11:56:00,Twitter,Depressed
535,I feel lunch and game. Just work today.,2023-01-13 06:58:00,Twitter,Normal
536,I feel work and game. Just friend today.,2023-01-17 14:25:00,Twitter,Normal
537,I feel work and game. Just movie today.,2023-01-12 22:47:00,Twitter,Normal
538,I feel dark and sleep. Just alone today.,2023-01-05 19:22:00,Reddit,Depressed
539,I feel cool and happy. Just movie today.,2023-01-16 12:38:00,Reddit,Normal
540,I feel stress and panic. Just nervous today.,2023-01-23 03:41:00,Reddit,Anxious
541,I feel hopeless and sad. Just pain today.,2023-01-12 15:20:00,Twitter,Depressed
542,I feel weather and work. Just happy today.,2023-01-20 15:43:00,Twitter,Normal
543,I feel game and happy. Just friend today.,2023-01-14 16:53:00,Twitter,Normal
544,I feel game and friend. Just lunch today.,2023-01-17 13:33:00,Reddit,Normal
545,I feel shaking and panic. Just scared today.,2023-01-26 03:41:00,Twitter,Anxious
546,I feel hopeless and alone. Just tired today.,2023-01-16 20:39:00,Twitter,Depressed
547,I feel weather and work. Just lunch today.,2023-01-13 06:23:00,Twitter,Normal
548,I feel happy and happy. Just game today.,2023-01-14 14:17:00,Twitter,Normal
549,I feel lunch and movie. Just weather today.,2023-01-31 08:14:00,Twitter,Normal
550,I feel empty and sleep. Just hopeless today.,2023-01-20 11:52:00,Twitter,Depressed
551,I feel tired and sad. Just hopeless today.,2023-01-26 20:15:00,Twitter,Depressed
552,I feel game and friend. Just movie today.,2023-01-10 08:51:00,Reddit,Normal
553,I feel sad and alone. Just sad today.,2023-01-25 01:44:00,Twitter,Depressed
554,I feel cool and work. Just lunch today.,2023-01-21 11:13:00,Twitter,Normal
555,I feel nervous and stress. Just worried today.,2023-01-26 05:51:00,Twitter,Anxious
556,I feel tired and hopeless. Just dark today.,2023-01-23 03:53:00,Reddit,Depressed
557,I feel pain and sad. Just sleep today.,2023-01-15 03:56:00,Twitter,Depressed
558,I feel happy and work. Just game today.,2023-01-09 23:04:00,Reddit,Normal
559,I feel nervous and nervous. Just panic today.,2023-01-19 07:40:00,Reddit,Anxious
560,I feel alone and tired. Just pain today.,2023-01-04 03:21:00,Twitter,Depressed
561,I feel tired and alone. Just empty today.,2023-01-26 05:10:00,Twitter,Depressed
562,I feel work and cool. Just work today.,2023-01-04 06:07:00,Reddit,Normal
563,I feel cool and movie. Just cool today.,2023-01-02 08:39:00,Reddit,Normal
564,I feel scared and dread. Just scared today.,2023-01-26 00:10:00,Twitter,Anxious
565,I feel movie and friend. Just work today.,2023-01-16 06:46:00,Twitter,Normal
566,I feel game and work. Just lunch today.,2023-01-20 18:18:00,Twitter,Normal
567,I feel happy and friend. Just lunch today.,2023-01-06 12:11:00,Reddit,Normal
568,I feel lunch and happy. Just friend today.,2023-01-22 09:48:00,Twitter,Normal
569,I feel dread and stress. Just nervous today.,2023-01-13 11:05:00,Reddit,Anxious
570,I feel shaking and stress. Just nervous today.,2023-01-22 13:18:00,Reddit,Anxious
571,I feel friend and weather. Just friend today.,2023-01-28 15:15:00,Reddit,Normal
572,I feel friend and movie. Just friend today.,2023-01-29 17:15:00,Reddit,Normal
573,I feel dread and dread. Just shaking today.,2023-01-10 05:51:00,Reddit,Anxious
574,I feel weather and friend. Just game today.,2023-01-27 09:41:00,Reddit,Normal
575,I feel sleep and empty. Just dark today.,2023-01-07 03:59:00,Twitter,Depressed
576,I feel friend and weather. Just game today.,2023-01-18 15:27:00,Twitter,Normal
577,I feel dread and worried. Just panic today.,2023-01-17 19:47:00,Reddit,Anxious
578,I feel work and friend. Just cool today.,2023-01-19 18:00:00,Twitter,Normal
579,I feel lunch and movie. Just cool today.,2023-01-18 07:48:00,Twitter,Normal
580,I feel happy and friend. Just game today.,2023-01-21 17:02:00,Twitter,Normal
581,I feel dread and future. Just shaking today.,2023-01-17 01:13:00,Reddit,Anxious
582,I feel cool and game. Just game today.,2023-01-11 08:49:00,Reddit,Normal
583,I feel movie and work. Just weather today.,2023-01-02 14:24:00,Twitter,Depressed
584,I feel dread and worried. Just panic today.,2023-01-29 05:06:00,Reddit,Anxious
585,I feel dark and empty. Just hopeless today.,2023-01-12 05:40:00,Twitter,Depressed
586,I feel stress and future. Just future today.,2023-01-13 00:00:00,Twitter,Anxious
587,I feel work and movie. Just friend today.,2023-01-27 18:20:00,Reddit,Normal
588,I feel weather and work. Just work today.,2023-01-12 23:28:00,Twitter,Normal
589,I feel friend and movie. Just lunch today.,2023-01-01 12:30:00,Twitter,Normal
590,I feel movie and friend. Just cool today.,2023-01-16 12:10:00,Reddit,Normal
591,I feel shaking and panic. Just nervous today.,2023-01-21 12:18:00,Reddit,Anxious
592,I feel dread and shaking. Just dread today.,2023-01-28 01:43:00,Twitter,Anxious
593,I feel stress and dread. Just stress today.,2023-01-15 02:28:00,Twitter,Anxious
594,I feel alone and sleep. Just pain today.,2023-01-09 02:02:00,Reddit,Depressed
595,I feel lunch and game. Just friend today.,2023-01-11 06:32:00,Reddit,Normal
596,I feel friend and happy. Just happy today.,2023-01-04 23:25:00,Twitter,Normal
597,I feel movie and cool. Just cool today.,2023-01-06 13:06:00,Twitter,Normal
598,I feel weather and game. Just movie today.,2023-01-26 23:37:00,Reddit,Normal
599,I feel game and lunch. Just game today.,2023-01-22 22:38:00,Reddit,Normal
600,I feel scared and nervous. Just scared today.,2023-01-07 13:07:00,Reddit,Anxious
601,I feel cool and game. Just movie today.,2023-01-04 15:46:00,Twitter,Normal
602,I feel lunch and lunch. Just friend today.,2023-01-31 22:58:00,Twitter,Normal
603,I feel game and cool. Just movie today.,2023-01-24 10:01:00,Reddit,Normal
604,I feel work and cool. Just work today.,2023-01-26 09:00:00,Reddit,Normal
605,I feel lunch and lunch. Just movie today.,2023-01-12 22:55:00,Reddit,Normal
606,I feel happy and movie. Just weather today.,2023-01-06 20:19:00,Reddit,Normal
607,I feel cool and friend. Just happy today.,2023-01-19 09:38:00,Twitter,Normal
608,I feel friend and cool. Just weather today.,2023-01-23 19:52:00,Reddit,Normal
609,I feel friend and game. Just lunch today.,2023-01-28 15:57:00,Twitter,Normal
610,I feel work and game. Just weather today.,2023-01-08 10:35:00,Reddit,Normal
611,I feel pain and sleep. Just empty today.,2023-01-31 05:00:00,Reddit,Depressed
612,I feel shaking and worried. Just panic today.,2023-01-27 12:09:00,Reddit,Anxious
613,I feel weather and game. Just movie today.,2023-01-22 20:01:00,Reddit,Normal
614,I feel work and happy. Just cool today.,2023-01-16 20:47:00,Twitter,Normal
615,I feel shaking and nervous. Just shaking today.,2023-01-01 02:22:00,Twitter,Anxious
616,I feel scared and nervous. Just shaking today.,2023-01-22 07:22:00,Twitter,Anxious
617,I feel game and weather. Just lunch today.,2023-01-19 22:42:00,Reddit,Normal
618,I feel lunch and lunch. Just friend today.,2023-01-01 13:46:00,Twitter,Normal
619,I feel weather and cool. Just cool today.,2023-01-05 11:36:00,Twitter,Normal
620,I feel pain and dark. Just sleep today.,2023-01-16 05:36:00,Reddit,Depressed
621,I feel dark and dark. Just hopeless today.,2023-01-09 19:57:00,Twitter,Depressed
622,I feel happy and happy. Just work today.,2023-01-16 06:59:00,Reddit,Normal
623,I feel weather and happy. Just work today.,2023-01-31 17:07:00,Twitter,Normal
624,I feel game and lunch. Just weather today.,2023-01-27 17:50:00,Twitter,Normal
625,I feel shaking and worried. Just future today.,2023-01-02 03:30:00,Twitter,Anxious
626,I feel empty and tired. Just tired today.,2023-01-24 20:55:00,Reddit,Depressed
627,I feel hopeless and empty. Just sleep today.,2023-01-11 03:16:00,Twitter,Depressed
628,I feel empty and hopeless. Just alone today.,2023-01-04 15:26:00,Twitter,Depressed
629,I feel hopeless and sleep. Just sleep today.,2023-01-26 00:20:00,Twitter,Depressed
630,I feel weather and game. Just happy today.,2023-01-01 14:18:00,Reddit,Normal
631,I feel pain and sad. Just tired today.,2023-01-19 09:18:00,Twitter,Depressed
632,I feel work and game. Just work today.,2023-01-30 18:19:00,Reddit,Normal
633,I feel dread and stress. Just nervous today.,2023-01-27 22:56:00,Reddit,Anxious
634,I feel happy and work. Just friend today.,2023-01-19 16:33:00,Reddit,Normal
635,I feel sad and pain. Just hopeless today.,2023-01-04 05:51:00,Twitter,Depressed
636,I feel cool and movie. Just friend today.,2023-01-14 06:45:00,Reddit,Normal
637,I feel happy and game. Just game today.,2023-01-09 14:45:00,Twitter,Normal
638,I feel shaking and dread. Just panic today.,2023-01-10 22:21:00,Twitter,Anxious
639,I feel hopeless and dark. Just dark today.,2023-01-18 03:36:00,Twitter,Depressed
640,I feel sleep and pain. Just hopeless today.,2023-01-04 12:09:00,Twitter,Depressed
641,I feel movie and friend. Just work today.,2023-01-29 21:57:00,Twitter,Normal
642,I feel movie and movie. Just lunch today.,2023-01-26 20:37:00,Twitter,Depressed
643,I feel game and game. Just weather today.,2023-01-23 09:22:00,Twitter,Normal
644,I feel cool and work. Just movie today.,2023-01-21 11:47:00,Reddit,Normal
645,I feel pain and dark. Just pain today.,2023-01-25 22:04:00,Twitter,Depressed
646,I feel movie and friend. Just work today.,2023-01-03 13:01:00,Twitter,Normal
647,I feel lunch and friend. Just movie today.,2023-01-15 13:43:00,Reddit,Normal
648,I feel pain and tired. Just alone today.,2023-01-30 00:00:00,Twitter,Depressed
649,I feel movie and friend. Just movie today.,2023-01-14 13:38:00,Reddit,Normal
650,I feel empty and dark. Just pain today.,2023-01-17 00:47:00,Reddit,Depressed
651,I feel sad and dark. Just pain today.,2023-01-31 21:44:00,Reddit,Depressed
652,I feel friend and work. Just movie today.,2023-01-28 21:16:00,Twitter,Normal
653,I feel stress and worried. Just nervous today.,2023-01-08 00:54:00,Reddit,Anxious
654,I feel game and weather. Just movie today.,2023-01-01 10:51:00,Twitter,Normal
655,I feel sad and dark. Just sad today.,2023-01-06 02:36:00,Twitter,Depressed
656,I feel nervous and dread. Just stress today.,2023-01-06 00:45:00,Reddit,Anxious
657,I feel weather and friend. Just friend today.,2023-01-14 09:17:00,Reddit,Normal
658,I feel friend and work. Just lunch today.,2023-01-08 06:09:00,Twitter,Normal
659,I feel panic and dread. Just nervous today.,2023-01-12 04:45:00,Reddit,Anxious
660,I feel cool and work. Just lunch today.,2023-01-17 07:28:00,Reddit,Normal
661,I feel cool and friend. Just movie today.,2023-01-24 09:31:00,Reddit,Normal
662,I feel cool and movie. Just weather today.,2023-01-04 18:21:00,Reddit,Anxious
663,I feel friend and lunch. Just lunch today.,2023-01-27 12:34:00,Reddit,Normal
664,I feel worried and dread. Just future today.,2023-01-22 02:48:00,Twitter,Anxious
665,I feel cool and cool. Just cool today.,2023-01-14 12:28:00,Reddit,Normal
666,I feel tired and sleep. Just tired today.,2023-01-15 22:05:00,Reddit,Depressed
667,I feel cool and happy. Just movie today.,2023-01-15 12:38:00,Twitter,Normal
668,I feel hopeless and tired. Just empty today.,2023-01-01 04:18:00,Twitter,Depressed
669,I feel dread and worried. Just dread today.,2023-01-24 04:16:00,Twitter,Anxious
670,I feel lunch and weather. Just lunch today.,2023-01-26 18:20:00,Twitter,Normal
671,I feel work and movie. Just cool today.,2023-01-22 17:21:00,Twitter,Normal
672,I feel hopeless and sleep. Just hopeless today.,2023-01-31 08:33:00,Twitter,Depressed
673,I feel hopeless and alone. Just tired today.,2023-01-28 02:28:00,Twitter,Depressed
674,I feel dark and empty. Just dark today.,2023-01-21 11:06:00,Reddit,Depressed
675,I feel future and stress. Just nervous today.,2023-01-27 03:48:00,Reddit,Anxious
676,I feel panic and shaking. Just panic today.,2023-01-21 11:44:00,Twitter,Anxious
677,I feel shaking and stress. Just worried today.,2023-01-20 13:45:00,Twitter,Anxious
678,I feel shaking and worried. Just stress today.,2023-01-25 22:28:00,Twitter,Anxious
679,I feel future and dread. Just future today.,2023-01-12 05:51:00,Twitter,Anxious
680,I feel panic and worried. Just nervous today.,2023-01-06 16:54:00,Twitter,Depressed
681,I feel worried and future. Just panic today.,2023-01-23 02:01:00,Reddit,Anxious
682,I feel worried and nervous. Just dread today.,2023-01-31 03:03:00,Twitter,Anxious
683,I feel empty and empty. Just sad today.,2023-01-20 04:04:00,Twitter,Depressed
684,I feel friend and friend. Just movie today.,2023-01-19 20:58:00,Twitter,Normal
685,I feel sleep and dark. Just sad today.,2023-01-05 01:40:00,Reddit,Depressed
686,I feel cool and lunch. Just movie today.,2023-01-02 17:45:00,Reddit,Normal
687,I feel lunch and lunch. Just lunch today.,2023-01-16 14:15:00,Twitter,Normal
688,I feel shaking and stress. Just nervous today.,2023-01-09 02:11:00,Twitter,Depressed
689,I feel cool and movie. Just movie today.,2023-01-11 15:28:00,Reddit,Normal
690,I feel happy and friend. Just happy today.,2023-01-10 10:06:00,Reddit,Normal
691,I feel nervous and dread. Just scared today.,2023-01-05 11:39:00,Reddit,Anxious
692,I feel weather and game. Just lunch today.,2023-01-22 19:03:00,Twitter,Normal
693,I feel worried and panic. Just dread today.,2023-01-30 05:26:00,Reddit,Anxious
694,I feel friend and movie. Just movie today.,2023-01-23 11:59:00,Reddit,Normal
695,I feel stress and dread. Just future today.,2023-01-10 00:41:00,Twitter,Anxious
696,I feel weather and movie. Just game today.,2023-01-15 14:54:00,Twitter,Normal
697,I feel happy and game. Just cool today.,2023-01-09 22:07:00,Twitter,Normal
698,I feel weather and lunch. Just weather today.,2023-01-09 06:27:00,Twitter,Normal
699,I feel movie and cool. Just game today.,2023-01-04 07:34:00,Twitter,Normal
700,I feel scared and future. Just shaking today.,2023-01-14 11:40:00,Twitter,Anxious
701,I feel scared and worried. Just future today.,2023-01-11 17:41:00,Twitter,Anxious
702,I feel tired and tired. Just sad today.,2023-01-07 20:45:00,Twitter,Depressed
703,I feel sad and dark. Just alone today.,2023-01-21 04:34:00,Reddit,Depressed
704,I feel cool and movie. Just work today.,2023-01-23 20:13:00,Twitter,Normal
705,I feel movie and lunch. Just cool today.,2023-01-31 13:15:00,Reddit,Normal
706,I feel lunch and happy. Just lunch today.,2023-01-30 07:54:00,Twitter,Normal
707,I feel nervous and nervous. Just scared today.,2023-01-04 05:18:00,Reddit,Anxious
708,I feel game and game. Just friend today.,2023-01-12 08:10:00,Twitter,Normal
709,I feel alone and sad. Just tired today.,2023-01-03 01:43:00,Twitter,Depressed
710,I feel lunch and cool. Just happy today.,2023-01-05 14:30:00,Twitter,Normal
711,I feel game and movie. Just movie today.,2023-01-01 08:19:00,Twitter,Normal
712,I feel panic and nervous. Just dread today.,2023-01-26 23:18:00,Twitter,Anxious
713,I feel future and stress. Just future today.,2023-01-25 05:33:00,Twitter,Anxious
714,I feel lunch and game. Just happy today.,2023-01-17 06:41:00,Twitter,Normal
715,I feel pain and dark. Just hopeless today.,2023-01-19 03:07:00,Twitter,Normal
716,I feel cool and lunch. Just friend today.,2023-01-13 06:17:00,Twitter,Normal
717,I feel game and weather. Just cool today.,2023-01-05 12:09:00,Twitter,Normal
718,I feel movie and work. Just friend today.,2023-01-23 09:07:00,Reddit,Normal
719,I feel weather and friend. Just weather today.,2023-01-14 13:22:00,Reddit,Normal
720,I feel lunch and friend. Just happy today.,2023-01-26 13:00:00,Twitter,Normal
721,I feel nervous and dread. Just shaking today.,2023-01-24 09:35:00,Reddit,Anxious
722,I feel future and stress. Just future today.,2023-01-23 20:59:00,Reddit,Anxious
723,I feel weather and cool. Just game today.,2023-01-28 23:21:00,Reddit,Normal
724,I feel dark and sleep. Just sleep today.,2023-01-25 20:00:00,Reddit,Depressed
725,I feel nervous and future. Just shaking today.,2023-01-03 11:21:00,Twitter,Anxious
726,I feel scared and scared. Just shaking today.,2023-01-30 00:56:00,Twitter,Anxious
727,I feel panic and panic. Just worried today.,2023-01-30 01:38:00,Reddit,Anxious
728,I feel game and friend. Just work today.,2023-01-05 11:29:00,Reddit,Depressed
729,I feel panic and nervous. Just scared today.,2023-01-30 03:13:00,Reddit,Anxious
730,I feel cool and work. Just cool today.,2023-01-04 07:16:00,Reddit,Normal
731,I feel happy and cool. Just movie today.,2023-01-19 08:25:00,Twitter,Normal
732,I feel game and work. Just cool today.,2023-01-30 15:01:00,Reddit,Normal
733,I feel tired and empty. Just alone today.,2023-01-12 01:03:00,Twitter,Depressed
734,I feel movie and cool. Just game today.,2023-01-14 20:52:00,Twitter,Normal
735,I feel sad and tired. Just dark today.,2023-01-08 07:10:00,Twitter,Depressed
736,I feel movie and happy. Just lunch today.,2023-01-31 23:48:00,Reddit,Depressed
737,I feel shaking and nervous. Just panic today.,2023-01-27 05:03:00,Twitter,Anxious
738,I feel dread and worried. Just scared today.,2023-01-07 00:17:00,Twitter,Anxious
739,I feel dread and shaking. Just nervous today.,2023-01-19 01:46:00,Reddit,Anxious
740,I feel game and cool. Just game today.,2023-01-11 20:00:00,Reddit,Normal
741,I feel movie and happy. Just lunch today.,2023-01-23 09:21:00,Reddit,Normal
742,I feel dark and tired. Just hopeless today.,2023-01-11 04:15:00,Reddit,Depressed
743,I feel game and movie. Just movie today.,2023-01-30 21:37:00,Reddit,Normal
744,I feel friend and movie. Just cool today.,2023-01-03 14:28:00,Twitter,Normal
745,I feel friend and weather. Just happy today.,2023-01-17 16:16:00,Twitter,Normal
746,I feel shaking and dread. Just nervous today.,2023-01-31 18:42:00,Reddit,Anxious
747,I feel movie and weather. Just movie today.,2023-01-01 23:05:00,Reddit,Normal
748,I feel friend and happy. Just lunch today.,2023-01-30 12:34:00,Reddit,Normal
749,I feel sleep and hopeless. Just sleep today.,2023-01-14 02:27:00,Twitter,Depressed
750,I feel dark and sleep. Just dark today.,2023-01-07 07:54:00,Twitter,Depressed
751,I feel work and movie. Just movie today.,2023-01-22 19:45:00,Twitter,Normal
752,I feel weather and weather. Just friend today.,2023-01-03 17:25:00,Twitter,Normal
753,I feel shaking and future. Just scared today.,2023-01-08 04:14:00,Reddit,Anxious
754,I feel lunch and weather. Just lunch today.,2023-01-22 13:00:00,Twitter,Normal
755,I feel movie and cool. Just weather today.,2023-01-14 19:49:00,Twitter,Anxious
756,I feel friend and work. Just happy today.,2023-01-18 23:18:00,Twitter,Normal
757,I feel friend and weather. Just game today.,2023-01-20 08:56:00,Twitter,Normal
758,I feel movie and friend. Just lunch today.,2023-01-06 12:58:00,Twitter,Normal
759,I feel tired and dark. Just sad today.,2023-01-28 22:38:00,Twitter,Depressed
760,I feel scared and future. Just shaking today.,2023-01-21 03:04:00,Twitter,Anxious
761,I feel worried and dread. Just future today.,2023-01-20 01:46:00,Reddit,Anxious
762,I feel tired and sleep. Just empty today.,2023-01-24 00:32:00,Reddit,Depressed
763,I feel game and weather. Just happy today.,2023-01-23 14:40:00,Reddit,Normal
764,I feel work and movie. Just work today.,2023-01-08 16:35:00,Reddit,Normal
765,I feel lunch and weather. Just friend today.,2023-01-02 23:27:00,Reddit,Normal
766,I feel worried and nervous. Just stress today.,2023-01-01 06:36:00,Reddit,Anxious
767,I feel cool and game. Just lunch today.,2023-01-24 17:46:00,Reddit,Normal
768,I feel movie and happy. Just cool today.,2023-01-04 11:43:00,Reddit,Normal
769,I feel dread and nervous. Just panic today.,2023-01-21 04:42:00,Twitter,Normal
770,I feel movie and movie. Just work today.,2023-01-10 09:38:00,Twitter,Normal
771,I feel movie and work. Just game today.,2023-01-08 20:35:00,Twitter,Normal
772,I feel movie and work. Just work today.,2023-01-07 09:22:00,Twitter,Normal
773,I feel movie and work. Just work today.,2023-01-28 11:44:00,Twitter,Normal
774,I feel cool and movie. Just work today.,2023-01-08 11:13:00,Twitter,Normal
775,I feel scared and panic. Just scared today.,2023-01-10 16:15:00,Reddit,Depressed
776,I feel worried and scared. Just worried today.,2023-01-31 16:36:00,Reddit,Anxious
777,I feel sleep and sad. Just alone today.,2023-01-31 08:20:00,Twitter,Normal
778,I feel nervous and nervous. Just shaking today.,2023-01-30 03:06:00,Twitter,Anxious
779,I feel movie and cool. Just weather today.,2023-01-30 07:27:00,Reddit,Normal
780,I feel friend and friend. Just weather today.,2023-01-08 07:11:00,Twitter,Normal
781,I feel empty and sleep. Just sad today.,2023-01-09 14:26:00,Twitter,Depressed
782,I feel friend and friend. Just happy today.,2023-01-15 16:28:00,Reddit,Normal
783,I feel scared and worried. Just nervous today.,2023-01-13 18:45:00,Reddit,Anxious
784,I feel alone and empty. Just sad today.,2023-01-05 01:38:00,Reddit,Depressed
785,I feel work and weather. Just friend today.,2023-01-13 14:43:00,Twitter,Normal
786,I feel work and movie. Just movie today.,2023-01-04 22:01:00,Reddit,Normal
787,I feel panic and dread. Just nervous today.,2023-01-25 05:18:00,Twitter,Anxious
788,I feel game and game. Just movie today.,2023-01-18 22:59:00,Twitter,Normal
789,I feel pain and tired. Just dark today.,2023-01-07 02:09:00,Reddit,Depressed
790,I feel movie and weather. Just happy today.,2023-01-31 23:38:00,Twitter,Normal
791,I feel nervous and future. Just panic today.,2023-01-01 02:00:00,Reddit,Anxious
792,I feel tired and hopeless. Just hopeless today.,2023-01-08 05:15:00,Twitter,Depressed
793,I feel panic and scared. Just panic today.,2023-01-21 02:11:00,Reddit,Anxious
794,I feel work and weather. Just work today.,2023-01-18 08:52:00,Twitter,Normal
795,I feel pain and pain. Just pain today.,2023-01-13 01:28:00,Twitter,Depressed
796,I feel happy and weather. Just lunch today.,2023-01-29 06:26:00,Reddit,Normal
797,I feel sad and sleep. Just tired today.,2023-01-23 20:55:00,Twitter,Depressed
798,I feel weather and game. Just movie today.,2023-01-06 14:51:00,Twitter,Normal
799,I feel game and lunch. Just lunch today.,2023-01-24 17:22:00,Reddit,Normal
800,I feel future and worried. Just future today.,2023-01-29 02:05:00,Twitter,Anxious
